Dates,DBGLSNQU Index
2/7/2000,1000
2/8/2000,1002.18
2/9/2000,999.5
2/10/2000,988.41
2/11/2000,988.41
2/14/2000,988.13
2/15/2000,997.36
2/16/2000,999.82
2/17/2000,1006.4
2/18/2000,1002.54
2/21/2000,1002.48
2/22/2000,1010.86
2/23/2000,1004.16
2/24/2000,994.24
2/25/2000,990.37
2/28/2000,990.28
2/29/2000,990.59
3/1/2000,979.33
3/2/2000,971.15
3/3/2000,975.21
3/6/2000,972.17
3/7/2000,968.67
3/8/2000,973.45
3/9/2000,972.4
3/10/2000,966.97
3/13/2000,967.56
3/14/2000,972.39
3/15/2000,1003.84
3/16/2000,1010.06
3/17/2000,1000.88
3/20/2000,1006.59
3/21/2000,1013.34
3/22/2000,1016
3/23/2000,1021.01
3/24/2000,1013.48
3/27/2000,1007.29
3/28/2000,1006.64
3/29/2000,1004.32
3/30/2000,1015.44
3/31/2000,1015.12
4/3/2000,1024.91
4/4/2000,1024.11
4/5/2000,1024.7
4/6/2000,1018.99
4/7/2000,1018.39
4/10/2000,1018.87
4/11/2000,1026.2
4/12/2000,1023.42
4/13/2000,1021.62
4/14/2000,1012.23
4/17/2000,1025.21
4/18/2000,1019.51
4/19/2000,1017.65
4/20/2000,1028.92
4/21/2000,1028.9
4/24/2000,1028.83
4/25/2000,1034.56
4/26/2000,1035.38
4/27/2000,1035.03
4/28/2000,1029.02
5/1/2000,1030.57
5/2/2000,1024.33
5/3/2000,1035.18
5/4/2000,1035.12
5/5/2000,1033.67
5/8/2000,1027.26
5/9/2000,1027.93
5/10/2000,1029.08
5/11/2000,1031.34
5/12/2000,1025.9
5/15/2000,1025.38
5/16/2000,1028.36
5/17/2000,1025.6
5/18/2000,1022.42
5/19/2000,1023.1
5/22/2000,1023.88
5/23/2000,1023.13
5/24/2000,1028.74
5/25/2000,1027.88
5/26/2000,1018.47
5/29/2000,1018.38
5/30/2000,1015.63
5/31/2000,1012.5
6/1/2000,1012.42
6/2/2000,1014.26
6/5/2000,1006.6
6/6/2000,1001.34
6/7/2000,1003.43
6/8/2000,1001.41
6/9/2000,1000.79
6/12/2000,1000.71
6/13/2000,997.53
6/14/2000,997.83
6/15/2000,1003.7
6/16/2000,1005.21
6/19/2000,1001.26
6/20/2000,995.97
6/21/2000,996.03
6/22/2000,996.77
6/23/2000,997.28
6/26/2000,1003.98
6/27/2000,1006.6
6/28/2000,1009.42
6/29/2000,1014.62
6/30/2000,1009.88
7/3/2000,1005.64
7/4/2000,1005.61
7/5/2000,1011.58
7/6/2000,1010.99
7/7/2000,1015.19
7/10/2000,1016.41
7/11/2000,1023.8
7/12/2000,1021.45
7/13/2000,1020.68
7/14/2000,1016.2
7/17/2000,1018.41
7/18/2000,1020.96
7/19/2000,1024.15
7/20/2000,1019.57
7/21/2000,1023.32
7/24/2000,1029.46
7/25/2000,1029.98
7/26/2000,1032.84
7/27/2000,1036.69
7/28/2000,1040.17
7/31/2000,1040.48
8/1/2000,1040.05
8/2/2000,1043.36
8/3/2000,1044.3
8/4/2000,1035.83
8/7/2000,1031.42
8/8/2000,1032.05
8/9/2000,1026.11
8/10/2000,1034.09
8/11/2000,1035.08
8/14/2000,1038.7
8/15/2000,1036.95
8/16/2000,1032.79
8/17/2000,1036.14
8/18/2000,1033.29
8/21/2000,1036.16
8/22/2000,1033.33
8/23/2000,1031.71
8/24/2000,1028.29
8/25/2000,1024.41
8/28/2000,1024.78
8/29/2000,1025.68
8/30/2000,1023.4
8/31/2000,1026.79
9/1/2000,1022.52
9/4/2000,1022.45
9/5/2000,1020.82
9/6/2000,1028.92
9/7/2000,1024.59
9/8/2000,1024.19
9/11/2000,1030.73
9/12/2000,1034.07
9/13/2000,1030.15
9/14/2000,1026.82
9/15/2000,1029.91
9/18/2000,1031.96
9/19/2000,1026.2
9/20/2000,1021.86
9/21/2000,1027.75
9/22/2000,1031.76
9/25/2000,1030.59
9/26/2000,1032.62
9/27/2000,1039.53
9/28/2000,1042.22
9/29/2000,1042.39
10/2/2000,1043.27
10/3/2000,1046.09
10/4/2000,1041.21
10/5/2000,1038.17
10/6/2000,1039.72
10/9/2000,1039.65
10/10/2000,1040.81
10/11/2000,1052.09
10/12/2000,1054.26
10/13/2000,1046.43
10/16/2000,1053.98
10/17/2000,1059.64
10/18/2000,1066.01
10/19/2000,1063.56
10/20/2000,1061.46
10/23/2000,1056.87
10/24/2000,1062.88
10/25/2000,1076.73
10/26/2000,1083.62
10/27/2000,1080.84
10/30/2000,1097.29
10/31/2000,1085.22
11/1/2000,1083.25
11/2/2000,1078.24
11/3/2000,1080.48
11/6/2000,1080.14
11/7/2000,1076.15
11/8/2000,1085.01
11/9/2000,1085.64
11/10/2000,1089.17
11/13/2000,1092.32
11/14/2000,1085.99
11/15/2000,1089.54
11/16/2000,1095.49
11/17/2000,1097.9
11/20/2000,1100.39
11/21/2000,1110.06
11/22/2000,1118.3
11/23/2000,1118.23
11/24/2000,1114.73
11/27/2000,1115.2
11/28/2000,1120.21
11/29/2000,1123.94
11/30/2000,1115.79
12/1/2000,1109.35
12/4/2000,1122.32
12/5/2000,1125.78
12/6/2000,1120.56
12/7/2000,1130.15
12/8/2000,1114.43
12/11/2000,1103.76
12/12/2000,1106.79
12/13/2000,1113.51
12/14/2000,1117.51
12/15/2000,1110.44
12/18/2000,1119.14
12/19/2000,1135.15
12/20/2000,1146.95
12/21/2000,1154.55
12/22/2000,1140.84
12/25/2000,1140.77
12/26/2000,1140.86
12/27/2000,1140.76
12/28/2000,1140.27
12/29/2000,1140.62
1/1/2001,1140.54
1/2/2001,1148.62
1/3/2001,1129.37
1/4/2001,1132.69
1/5/2001,1140.4
1/8/2001,1145.03
1/9/2001,1143.17
1/10/2001,1127.67
1/11/2001,1112.87
1/12/2001,1098.73
1/15/2001,1098.97
1/16/2001,1109.14
1/17/2001,1107.11
1/18/2001,1113.19
1/19/2001,1112.62
1/22/2001,1109.58
1/23/2001,1097.78
1/24/2001,1086.85
1/25/2001,1108.63
1/26/2001,1104.39
1/29/2001,1087.42
1/30/2001,1083.81
1/31/2001,1094.8
2/1/2001,1097.86
2/2/2001,1106.74
2/5/2001,1113.71
2/6/2001,1112.29
2/7/2001,1120.48
2/8/2001,1120.15
2/9/2001,1128.64
2/12/2001,1129.13
2/13/2001,1135.34
2/14/2001,1129.53
2/15/2001,1129.35
2/16/2001,1139.77
2/19/2001,1139.85
2/20/2001,1146.18
2/21/2001,1148.36
2/22/2001,1147.23
2/23/2001,1141.9
2/26/2001,1135.17
2/27/2001,1143.9
2/28/2001,1145.39
3/1/2001,1144.76
3/2/2001,1158.44
3/5/2001,1158.16
3/6/2001,1154.86
3/7/2001,1155.51
3/8/2001,1162.12
3/9/2001,1164.75
3/12/2001,1171.85
3/13/2001,1169.54
3/14/2001,1175.39
3/15/2001,1177.26
3/16/2001,1186.01
3/19/2001,1181.24
3/20/2001,1187.26
3/21/2001,1195.05
3/22/2001,1199.69
3/23/2001,1201.78
3/26/2001,1197.35
3/27/2001,1187.27
3/28/2001,1191.4
3/29/2001,1198.47
3/30/2001,1192.31
4/2/2001,1206.86
4/3/2001,1217.13
4/4/2001,1216.11
4/5/2001,1213.01
4/6/2001,1216.67
4/9/2001,1210.28
4/10/2001,1183.55
4/11/2001,1172.62
4/12/2001,1161.52
4/13/2001,1161.49
4/16/2001,1161.97
4/17/2001,1166.64
4/18/2001,1145.47
4/19/2001,1117.26
4/20/2001,1106.18
4/23/2001,1131.31
4/24/2001,1130.91
4/25/2001,1125.77
4/26/2001,1134.3
4/27/2001,1133.86
4/30/2001,1134.32
5/1/2001,1093.58
5/2/2001,1060.33
5/3/2001,1075.65
5/4/2001,1061.63
5/7/2001,1077.73
5/8/2001,1078.88
5/9/2001,1091.59
5/10/2001,1098.91
5/11/2001,1104.64
5/14/2001,1115.23
5/15/2001,1113.33
5/16/2001,1118.79
5/17/2001,1110.19
5/18/2001,1104.16
5/21/2001,1095.32
5/22/2001,1094.32
5/23/2001,1095.84
5/24/2001,1092.24
5/25/2001,1094.8
5/28/2001,1094.78
5/29/2001,1108.11
5/30/2001,1116.67
5/31/2001,1113.54
6/1/2001,1113.56
6/4/2001,1113.53
6/5/2001,1125.49
6/6/2001,1122.9
6/7/2001,1122.73
6/8/2001,1126.75
6/11/2001,1132.85
6/12/2001,1131.42
6/13/2001,1136.39
6/14/2001,1142.63
6/15/2001,1148.44
6/18/2001,1167.09
6/19/2001,1173.2
6/20/2001,1169.81
6/21/2001,1169.91
6/22/2001,1169.46
6/25/2001,1159.61
6/26/2001,1157.09
6/27/2001,1153.25
6/28/2001,1150.77
6/29/2001,1140.52
7/2/2001,1143.3
7/3/2001,1147.7
7/4/2001,1147.65
7/5/2001,1150.89
7/6/2001,1151.05
7/9/2001,1145.25
7/10/2001,1153.47
7/11/2001,1161.61
7/12/2001,1156.07
7/13/2001,1162.88
7/16/2001,1169.12
7/17/2001,1165.7
7/18/2001,1172.52
7/19/2001,1174.4
7/20/2001,1177.2
7/23/2001,1179.13
7/24/2001,1188.65
7/25/2001,1191.64
7/26/2001,1181.41
7/27/2001,1178.17
7/30/2001,1182.03
7/31/2001,1183.27
8/1/2001,1179.19
8/2/2001,1176.54
8/3/2001,1177.65
8/6/2001,1176.72
8/7/2001,1174.92
8/8/2001,1180.06
8/9/2001,1183.6
8/10/2001,1188.14
8/13/2001,1185.9
8/14/2001,1187.3
8/15/2001,1199.74
8/16/2001,1199.87
8/17/2001,1205.36
8/20/2001,1212.18
8/21/2001,1214.67
8/22/2001,1214.84
8/23/2001,1218.65
8/24/2001,1215.5
8/27/2001,1211.44
8/28/2001,1219.65
8/29/2001,1226.66
8/30/2001,1237.2
8/31/2001,1235.58
9/3/2001,1235.38
9/4/2001,1238.14
9/5/2001,1245.11
9/6/2001,1249.49
9/7/2001,1254.88
9/10/2001,1265.28
9/11/2001,1265.39
9/12/2001,1265.33
9/13/2001,1261.3
9/14/2001,1267.23
9/17/2001,1273.1
9/18/2001,1275.04
9/19/2001,1274.67
9/20/2001,1279.24
9/21/2001,1276.13
9/24/2001,1262.95
9/25/2001,1284.7
9/26/2001,1291.08
9/27/2001,1291.96
9/28/2001,1292.41
10/1/2001,1293.18
10/2/2001,1293.02
10/3/2001,1290.69
10/4/2001,1285.07
10/5/2001,1297.84
10/8/2001,1297.77
10/9/2001,1295.68
10/10/2001,1281
10/11/2001,1264.48
10/12/2001,1271.79
10/15/2001,1273.25
10/16/2001,1258.35
10/17/2001,1263.72
10/18/2001,1277.92
10/19/2001,1276.22
10/22/2001,1267.64
10/23/2001,1256.5
10/24/2001,1259.33
10/25/2001,1249.2
10/26/2001,1248.49
10/29/2001,1253.8
10/30/2001,1270.79
10/31/2001,1269.96
11/1/2001,1276.07
11/2/2001,1279.44
11/5/2001,1270.45
11/6/2001,1260.37
11/7/2001,1253.35
11/8/2001,1246.78
11/9/2001,1249.79
11/12/2001,1249.69
11/13/2001,1244.29
11/14/2001,1234.1
11/15/2001,1225.36
11/16/2001,1216.19
11/19/2001,1203.31
11/20/2001,1216.75
11/21/2001,1225.45
11/22/2001,1225.3
11/23/2001,1217.08
11/26/2001,1212.13
11/27/2001,1212.81
11/28/2001,1234.18
11/29/2001,1237.66
11/30/2001,1243.19
12/3/2001,1260.16
12/4/2001,1250.08
12/5/2001,1237.91
12/6/2001,1239.28
12/7/2001,1245.79
12/10/2001,1252.63
12/11/2001,1251.55
12/12/2001,1244.98
12/13/2001,1260.63
12/14/2001,1263.15
12/17/2001,1265.41
12/18/2001,1268.56
12/19/2001,1279.88
12/20/2001,1283.71
12/21/2001,1280.44
12/24/2001,1278.66
12/25/2001,1278.63
12/26/2001,1278.63
12/27/2001,1274.3
12/28/2001,1267.68
12/31/2001,1267.8
1/1/2002,1267.77
1/2/2002,1264
1/3/2002,1254.88
1/4/2002,1253.46
1/7/2002,1254.33
1/8/2002,1259.99
1/9/2002,1258.51
1/10/2002,1260.32
1/11/2002,1264.33
1/14/2002,1269.54
1/15/2002,1270.49
1/16/2002,1269.1
1/17/2002,1272.81
1/18/2002,1273.55
1/21/2002,1273.46
1/22/2002,1289.62
1/23/2002,1285.97
1/24/2002,1291.42
1/25/2002,1290.82
1/28/2002,1289.61
1/29/2002,1297.69
1/30/2002,1310.21
1/31/2002,1318.75
2/1/2002,1321.54
2/4/2002,1337.12
2/5/2002,1348.92
2/6/2002,1349.28
2/7/2002,1343.61
2/8/2002,1333.8
2/11/2002,1329.1
2/12/2002,1328.73
2/13/2002,1334.84
2/14/2002,1337.68
2/15/2002,1353.69
2/18/2002,1353.57
2/19/2002,1366.81
2/20/2002,1373.01
2/21/2002,1372.54
2/22/2002,1377.73
2/25/2002,1378.65
2/26/2002,1377.03
2/27/2002,1376.29
2/28/2002,1373.69
3/1/2002,1360.49
3/4/2002,1335.7
3/5/2002,1328.65
3/6/2002,1322.86
3/7/2002,1304.72
3/8/2002,1299.55
3/11/2002,1293.27
3/12/2002,1306.13
3/13/2002,1314.23
3/14/2002,1314.75
3/15/2002,1317.97
3/18/2002,1319.79
3/19/2002,1314.36
3/20/2002,1324.77
3/21/2002,1319.73
3/22/2002,1319.96
3/25/2002,1321.42
3/26/2002,1330.59
3/27/2002,1323.85
3/28/2002,1320.07
3/29/2002,1320.04
4/1/2002,1319.92
4/2/2002,1321.93
4/3/2002,1313.39
4/4/2002,1313.02
4/5/2002,1320.45
4/8/2002,1321.88
4/9/2002,1337.69
4/10/2002,1341.33
4/11/2002,1350.46
4/12/2002,1353.05
4/15/2002,1344.21
4/16/2002,1337.02
4/17/2002,1324.45
4/18/2002,1325.63
4/19/2002,1329.37
4/22/2002,1332.78
4/23/2002,1337.35
4/24/2002,1348.05
4/25/2002,1351.11
4/26/2002,1357.18
4/29/2002,1358.22
4/30/2002,1361.95
5/1/2002,1362.06
5/2/2002,1372.97
5/3/2002,1379.18
5/6/2002,1385.49
5/7/2002,1385.83
5/8/2002,1364.64
5/9/2002,1370.21
5/10/2002,1373.49
5/13/2002,1370.63
5/14/2002,1362.57
5/15/2002,1350.69
5/16/2002,1349.1
5/17/2002,1343.7
5/20/2002,1338.89
5/21/2002,1336.87
5/22/2002,1333.76
5/23/2002,1338.65
5/24/2002,1340.23
5/27/2002,1340.28
5/28/2002,1339.75
5/29/2002,1349.73
5/30/2002,1348.12
5/31/2002,1351.37
6/3/2002,1359.01
6/4/2002,1357.05
6/5/2002,1365.88
6/6/2002,1370.86
6/7/2002,1383.31
6/10/2002,1391.1
6/11/2002,1397.15
6/12/2002,1408.27
6/13/2002,1405.31
6/14/2002,1401.9
6/17/2002,1410.61
6/18/2002,1410.4
6/19/2002,1421.68
6/20/2002,1424.46
6/21/2002,1427.69
6/24/2002,1417.12
6/25/2002,1420.21
6/26/2002,1432.26
6/27/2002,1434.24
6/28/2002,1429.68
7/1/2002,1432.75
7/2/2002,1437.93
7/3/2002,1429.26
7/4/2002,1429.14
7/5/2002,1434.25
7/8/2002,1438.89
7/9/2002,1434.26
7/10/2002,1434.42
7/11/2002,1421.35
7/12/2002,1412.1
7/15/2002,1412.11
7/16/2002,1398.92
7/17/2002,1399.55
7/18/2002,1393.06
7/19/2002,1392.34
7/22/2002,1392.93
7/23/2002,1410.37
7/24/2002,1419.08
7/25/2002,1440.58
7/26/2002,1452.84
7/29/2002,1461.16
7/30/2002,1445.18
7/31/2002,1455.1
8/1/2002,1455.22
8/2/2002,1459.75
8/5/2002,1463.48
8/6/2002,1477.36
8/7/2002,1471.53
8/8/2002,1469.16
8/9/2002,1461.14
8/12/2002,1469.07
8/13/2002,1480.82
8/14/2002,1482.8
8/15/2002,1489.89
8/16/2002,1492.22
8/19/2002,1494.81
8/20/2002,1491.26
8/21/2002,1477.69
8/22/2002,1469.18
8/23/2002,1471.15
8/26/2002,1460.78
8/27/2002,1464.31
8/28/2002,1472.31
8/29/2002,1472.03
8/30/2002,1485.18
9/2/2002,1485.1
9/3/2002,1496.78
9/4/2002,1510.01
9/5/2002,1510.62
9/6/2002,1521.72
9/9/2002,1521.05
9/10/2002,1526.74
9/11/2002,1517.41
9/12/2002,1517.72
9/13/2002,1525.27
9/16/2002,1537.91
9/17/2002,1528.67
9/18/2002,1536.17
9/19/2002,1531.2
9/20/2002,1540.36
9/23/2002,1551.99
9/24/2002,1547.44
9/25/2002,1548.96
9/26/2002,1566.87
9/27/2002,1561.74
9/30/2002,1562.24
10/1/2002,1581.79
10/2/2002,1583.4
10/3/2002,1590.03
10/4/2002,1591.63
10/7/2002,1608.23
10/8/2002,1623.96
10/9/2002,1632.6
10/10/2002,1634.59
10/11/2002,1627.31
10/14/2002,1627.22
10/15/2002,1604.64
10/16/2002,1614.18
10/17/2002,1612.39
10/18/2002,1611.53
10/21/2002,1612.68
10/22/2002,1614.44
10/23/2002,1608.52
10/24/2002,1607.28
10/25/2002,1596.93
10/28/2002,1580.55
10/29/2002,1584.98
10/30/2002,1570.37
10/31/2002,1565.04
11/1/2002,1557.88
11/4/2002,1535.16
11/5/2002,1518.81
11/6/2002,1512.22
11/7/2002,1525.06
11/8/2002,1525.24
11/11/2002,1525.12
11/12/2002,1542.78
11/13/2002,1549.31
11/14/2002,1560.01
11/15/2002,1553.29
11/18/2002,1553.44
11/19/2002,1565.04
11/20/2002,1558.08
11/21/2002,1544.28
11/22/2002,1526.67
11/25/2002,1500.2
11/26/2002,1505.71
11/27/2002,1502.07
11/28/2002,1501.98
11/29/2002,1489.44
12/2/2002,1491.71
12/3/2002,1489.41
12/4/2002,1504.45
12/5/2002,1494.46
12/6/2002,1499.51
12/9/2002,1504.01
12/10/2002,1505.15
12/11/2002,1503.15
12/12/2002,1504.1
12/13/2002,1494.54
12/16/2002,1503.21
12/17/2002,1494.6
12/18/2002,1505.84
12/19/2002,1505.72
12/20/2002,1517.3
12/23/2002,1517.81
12/24/2002,1513.14
12/25/2002,1513.1
12/26/2002,1513.09
12/27/2002,1505.12
12/30/2002,1514.47
12/31/2002,1515.8
1/1/2003,1515.76
1/2/2003,1507.44
1/3/2003,1497.09
1/6/2003,1498.92
1/7/2003,1500.75
1/8/2003,1497.71
1/9/2003,1505.25
1/10/2003,1499.89
1/13/2003,1491.39
1/14/2003,1479.53
1/15/2003,1456.52
1/16/2003,1455.1
1/17/2003,1449.36
1/20/2003,1449.18
1/21/2003,1445.22
1/22/2003,1436.84
1/23/2003,1413.7
1/24/2003,1407.09
1/27/2003,1408.26
1/28/2003,1415.43
1/29/2003,1432.64
1/30/2003,1440.05
1/31/2003,1454.78
2/3/2003,1452.61
2/4/2003,1440.42
2/5/2003,1439.48
2/6/2003,1433.81
2/7/2003,1431.68
2/10/2003,1431.97
2/11/2003,1430
2/12/2003,1415.7
2/13/2003,1417.38
2/14/2003,1422.37
2/17/2003,1422.33
2/18/2003,1418.48
2/19/2003,1410.13
2/20/2003,1407.36
2/21/2003,1422.11
2/24/2003,1407.21
2/25/2003,1414.37
2/26/2003,1411.8
2/27/2003,1420.02
2/28/2003,1420.79
3/3/2003,1416.16
3/4/2003,1408.57
3/5/2003,1412.39
3/6/2003,1413.69
3/7/2003,1427.17
3/10/2003,1427.9
3/11/2003,1430.08
3/12/2003,1423.43
3/13/2003,1443.59
3/14/2003,1441.21
3/17/2003,1473.38
3/18/2003,1467.87
3/19/2003,1476.76
3/20/2003,1464.21
3/21/2003,1472.29
3/24/2003,1448.81
3/25/2003,1459.46
3/26/2003,1438.83
3/27/2003,1436.96
3/28/2003,1439.76
3/31/2003,1448.61
4/1/2003,1453.17
4/2/2003,1461.18
4/3/2003,1460.17
4/4/2003,1462.26
4/7/2003,1457.31
4/8/2003,1457.54
4/9/2003,1460.04
4/10/2003,1460.83
4/11/2003,1462.54
4/14/2003,1467.09
4/15/2003,1464.55
4/16/2003,1460.67
4/17/2003,1461.29
4/18/2003,1461.25
4/21/2003,1461.13
4/22/2003,1455.35
4/23/2003,1457.39
4/24/2003,1464.03
4/25/2003,1464.76
4/28/2003,1474.82
4/29/2003,1473.77
4/30/2003,1464.74
5/1/2003,1464.77
5/2/2003,1454.94
5/5/2003,1449.96
5/6/2003,1444.95
5/7/2003,1438.25
5/8/2003,1436.67
5/9/2003,1436.75
5/12/2003,1437.31
5/13/2003,1435.88
5/14/2003,1426.97
5/15/2003,1429.65
5/16/2003,1423.94
5/19/2003,1428.94
5/20/2003,1427.7
5/21/2003,1427.72
5/22/2003,1422.02
5/23/2003,1417.12
5/26/2003,1416.82
5/27/2003,1408.58
5/28/2003,1411.04
5/29/2003,1410.46
5/30/2003,1411.42
6/2/2003,1409.08
6/3/2003,1409.42
6/4/2003,1391.72
6/5/2003,1378.57
6/6/2003,1379.21
6/9/2003,1354.29
6/10/2003,1362.9
6/11/2003,1363.93
6/12/2003,1368.9
6/13/2003,1369.56
6/16/2003,1375.27
6/17/2003,1377.04
6/18/2003,1374.46
6/19/2003,1373.33
6/20/2003,1371.35
6/23/2003,1362.37
6/24/2003,1370.7
6/25/2003,1362.84
6/26/2003,1359.57
6/27/2003,1355.59
6/30/2003,1355.72
7/1/2003,1354.79
7/2/2003,1347.54
7/3/2003,1346.05
7/4/2003,1346.13
7/7/2003,1338.98
7/8/2003,1338.3
7/9/2003,1326.37
7/10/2003,1328.25
7/11/2003,1335.5
7/14/2003,1336.23
7/15/2003,1334.64
7/16/2003,1336.52
7/17/2003,1346.38
7/18/2003,1350.09
7/21/2003,1348.02
7/22/2003,1345.85
7/23/2003,1344.46
7/24/2003,1342.03
7/25/2003,1351.32
7/28/2003,1341.49
7/29/2003,1343.13
7/30/2003,1346.52
7/31/2003,1350.32
8/1/2003,1348.56
8/4/2003,1349.61
8/5/2003,1351.33
8/6/2003,1355.44
8/7/2003,1355.38
8/8/2003,1354.02
8/11/2003,1347.82
8/12/2003,1345.76
8/13/2003,1340.53
8/14/2003,1334.08
8/15/2003,1332.92
8/18/2003,1326.43
8/19/2003,1317.16
8/20/2003,1307.73
8/21/2003,1301.52
8/22/2003,1299.95
8/25/2003,1300.79
8/26/2003,1299.45
8/27/2003,1299.19
8/28/2003,1306.98
8/29/2003,1305.82
9/1/2003,1305.75
9/2/2003,1306.63
9/3/2003,1305.3
9/4/2003,1307.59
9/5/2003,1297.93
9/8/2003,1294.9
9/9/2003,1290.57
9/10/2003,1296.02
9/11/2003,1298.67
9/12/2003,1296.67
9/15/2003,1298.2
9/16/2003,1290.79
9/17/2003,1288.99
9/18/2003,1285.41
9/19/2003,1282.72
9/22/2003,1283.42
9/23/2003,1279.25
9/24/2003,1279.54
9/25/2003,1285.84
9/26/2003,1290.38
9/29/2003,1292.18
9/30/2003,1292.35
10/1/2003,1291.32
10/2/2003,1279.27
10/3/2003,1278.05
10/6/2003,1278.22
10/7/2003,1274.36
10/8/2003,1276.52
10/9/2003,1273.38
10/10/2003,1271.71
10/13/2003,1271.69
10/14/2003,1272.09
10/15/2003,1275.63
10/16/2003,1273.49
10/17/2003,1275.8
10/20/2003,1270.97
10/21/2003,1270.91
10/22/2003,1273.89
10/23/2003,1288.96
10/24/2003,1288.29
10/27/2003,1284.77
10/28/2003,1278.99
10/29/2003,1274.39
10/30/2003,1274.99
10/31/2003,1281.32
11/3/2003,1283.8
11/4/2003,1275.55
11/5/2003,1275.85
11/6/2003,1283.67
11/7/2003,1282.68
11/10/2003,1284.7
11/11/2003,1284.67
11/12/2003,1291.47
11/13/2003,1285.81
11/14/2003,1293.67
11/17/2003,1305.56
11/18/2003,1299.63
11/19/2003,1300.09
11/20/2003,1298.64
11/21/2003,1300.88
11/24/2003,1298.49
11/25/2003,1295.37
11/26/2003,1288.03
11/27/2003,1287.99
11/28/2003,1288.56
12/1/2003,1285.19
12/2/2003,1283.6
12/3/2003,1284.49
12/4/2003,1281.06
12/5/2003,1281.9
12/8/2003,1287.54
12/9/2003,1287.88
12/10/2003,1291.18
12/11/2003,1287.59
12/12/2003,1281.4
12/15/2003,1279.46
12/16/2003,1283.58
12/17/2003,1282.37
12/18/2003,1281.25
12/19/2003,1275.68
12/22/2003,1273.1
12/23/2003,1273.76
12/24/2003,1274.32
12/25/2003,1274.29
12/26/2003,1274.26
12/29/2003,1271.34
12/30/2003,1268.97
12/31/2003,1271.59
1/1/2004,1271.56
1/2/2004,1267
1/5/2004,1262.05
1/6/2004,1261.46
1/7/2004,1253.78
1/8/2004,1251.91
1/9/2004,1245.29
1/12/2004,1242.54
1/13/2004,1246.19
1/14/2004,1248.01
1/15/2004,1248.88
1/16/2004,1241.16
1/19/2004,1241.09
1/20/2004,1239.56
1/21/2004,1243.06
1/22/2004,1247.11
1/23/2004,1241.92
1/26/2004,1239.28
1/27/2004,1242.7
1/28/2004,1250.13
1/29/2004,1247.21
1/30/2004,1248.47
2/2/2004,1243.98
2/3/2004,1247.58
2/4/2004,1255.71
2/5/2004,1259.07
2/6/2004,1257.66
2/9/2004,1260.02
2/10/2004,1260.62
2/11/2004,1259.41
2/12/2004,1259.96
2/13/2004,1257.32
2/16/2004,1257.23
2/17/2004,1255
2/18/2004,1255.42
2/19/2004,1257.69
2/20/2004,1258.84
2/23/2004,1259.11
2/24/2004,1259.69
2/25/2004,1255.07
2/26/2004,1251.5
2/27/2004,1246.87
3/1/2004,1244.95
3/2/2004,1243.53
3/3/2004,1241.16
3/4/2004,1243.94
3/5/2004,1249.81
3/8/2004,1250.13
3/9/2004,1252.46
3/10/2004,1257.04
3/11/2004,1256.53
3/12/2004,1251.48
3/15/2004,1250.29
3/16/2004,1253.54
3/17/2004,1248.03
3/18/2004,1245.12
3/19/2004,1249.28
3/22/2004,1252.79
3/23/2004,1253.32
3/24/2004,1248.92
3/25/2004,1247.58
3/26/2004,1245.35
3/29/2004,1247.27
3/30/2004,1247
3/31/2004,1246.87
4/1/2004,1249.71
4/2/2004,1248.4
4/5/2004,1250.27
4/6/2004,1251.22
4/7/2004,1254.71
4/8/2004,1251.75
4/9/2004,1251.72
4/12/2004,1251.64
4/13/2004,1255.06
4/14/2004,1256.16
4/15/2004,1267.57
4/16/2004,1274.87
4/19/2004,1280.87
4/20/2004,1273.51
4/21/2004,1273.96
4/22/2004,1272.79
4/23/2004,1272.03
4/26/2004,1268.07
4/27/2004,1273.08
4/28/2004,1270.5
4/29/2004,1277.85
4/30/2004,1285.58
5/3/2004,1286.87
5/4/2004,1290
5/5/2004,1291.62
5/6/2004,1302.02
5/7/2004,1310.06
5/10/2004,1320.73
5/11/2004,1322.66
5/12/2004,1312.64
5/13/2004,1323.89
5/14/2004,1329.81
5/17/2004,1336.87
5/18/2004,1333.28
5/19/2004,1326.97
5/20/2004,1324.29
5/21/2004,1318.89
5/24/2004,1316.79
5/25/2004,1320.03
5/26/2004,1313.36
5/27/2004,1323.87
5/28/2004,1315.16
5/31/2004,1315.07
6/1/2004,1314.48
6/2/2004,1323.35
6/3/2004,1333.58
6/4/2004,1332.7
6/7/2004,1326.55
6/8/2004,1324.83
6/9/2004,1321.91
6/10/2004,1320.91
6/11/2004,1320.92
6/14/2004,1320.65
6/15/2004,1321.91
6/16/2004,1317.29
6/17/2004,1314.86
6/18/2004,1320.56
6/21/2004,1317.36
6/22/2004,1314.45
6/23/2004,1311.03
6/24/2004,1305.87
6/25/2004,1306.03
6/28/2004,1306.75
6/29/2004,1303.23
6/30/2004,1305.46
7/1/2004,1305.53
7/2/2004,1309.36
7/5/2004,1309.3
7/6/2004,1324.06
7/7/2004,1325.35
7/8/2004,1331.56
7/9/2004,1329.14
7/12/2004,1327
7/13/2004,1329.77
7/14/2004,1332.4
7/15/2004,1331.29
7/16/2004,1334.69
7/19/2004,1330.3
7/20/2004,1331.4
7/21/2004,1336.17
7/22/2004,1334.21
7/23/2004,1332.49
7/26/2004,1336.3
7/27/2004,1336.64
7/28/2004,1338.06
7/29/2004,1343.45
7/30/2004,1338.77
8/2/2004,1339.78
8/3/2004,1345.85
8/4/2004,1351.93
8/5/2004,1353.41
8/6/2004,1354
8/9/2004,1352.14
8/10/2004,1355.69
8/11/2004,1348.36
8/12/2004,1349.32
8/13/2004,1357.17
8/16/2004,1359.27
8/17/2004,1356.81
8/18/2004,1351.66
8/19/2004,1352.24
8/20/2004,1345.7
8/23/2004,1344.99
8/24/2004,1338.78
8/25/2004,1333.29
8/26/2004,1332.85
8/27/2004,1332.05
8/30/2004,1334.27
8/31/2004,1332.82
9/1/2004,1331.4
9/2/2004,1329.65
9/3/2004,1332.88
9/6/2004,1332.74
9/7/2004,1329.49
9/8/2004,1331.66
9/9/2004,1333.36
9/10/2004,1338.82
9/13/2004,1336.93
9/14/2004,1336.02
9/15/2004,1335.91
9/16/2004,1335.24
9/17/2004,1341.79
9/20/2004,1344.34
9/21/2004,1345.57
9/22/2004,1345.78
9/23/2004,1345.36
9/24/2004,1343.86
9/27/2004,1346.51
9/28/2004,1348.92
9/29/2004,1351.29
9/30/2004,1343.71
10/1/2004,1341.68
10/4/2004,1340.77
10/5/2004,1340.71
10/6/2004,1333.72
10/7/2004,1339.14
10/8/2004,1337.05
10/11/2004,1336.95
10/12/2004,1333.71
10/13/2004,1335.08
10/14/2004,1339.75
10/15/2004,1343.34
10/18/2004,1344.88
10/19/2004,1345.67
10/20/2004,1345.71
10/21/2004,1347.01
10/22/2004,1345.96
10/25/2004,1343.76
10/26/2004,1340.67
10/27/2004,1348.79
10/28/2004,1347.71
10/29/2004,1344.12
11/1/2004,1348.45
11/2/2004,1348.77
11/3/2004,1349.16
11/4/2004,1354
11/5/2004,1353.61
11/8/2004,1356.82
11/9/2004,1355.13
11/10/2004,1357.01
11/11/2004,1356.98
11/12/2004,1354.91
11/15/2004,1355.73
11/16/2004,1357.01
11/17/2004,1358.99
11/18/2004,1353.9
11/19/2004,1351.67
11/22/2004,1350.74
11/23/2004,1350.39
11/24/2004,1349.07
11/25/2004,1348.99
11/26/2004,1354.19
11/29/2004,1351.03
11/30/2004,1349.98
12/1/2004,1359.29
12/2/2004,1360.11
12/3/2004,1359.01
12/6/2004,1359.03
12/7/2004,1365.31
12/8/2004,1362.34
12/9/2004,1361.58
12/10/2004,1363.52
12/13/2004,1363.89
12/14/2004,1360.69
12/15/2004,1358.74
12/16/2004,1358.85
12/17/2004,1354.15
12/20/2004,1359.27
12/21/2004,1356.64
12/22/2004,1354.38
12/23/2004,1356.24
12/24/2004,1356.18
12/27/2004,1358.6
12/28/2004,1358.05
12/29/2004,1359.13
12/30/2004,1353.72
12/31/2004,1353.46
1/3/2005,1355.73
1/4/2005,1357.35
1/5/2005,1355.79
1/6/2005,1352.11
1/7/2005,1350.94
1/10/2005,1349.96
1/11/2005,1350.46
1/12/2005,1348.67
1/13/2005,1351.3
1/14/2005,1349.81
1/17/2005,1349.71
1/18/2005,1349.36
1/19/2005,1352.66
1/20/2005,1353.02
1/21/2005,1352.21
1/24/2005,1352.56
1/25/2005,1357.79
1/26/2005,1355.3
1/27/2005,1360.48
1/28/2005,1361.49
1/31/2005,1360.95
2/1/2005,1369.07
2/2/2005,1367.27
2/3/2005,1365.85
2/4/2005,1363.67
2/7/2005,1363.29
2/8/2005,1365.3
2/9/2005,1364.85
2/10/2005,1368.9
2/11/2005,1368.56
2/14/2005,1369.66
2/15/2005,1373.16
2/16/2005,1374.38
2/17/2005,1380.72
2/18/2005,1380.91
2/21/2005,1380.82
2/22/2005,1381.42
2/23/2005,1382.73
2/24/2005,1383.2
2/25/2005,1386.66
2/28/2005,1390.51
3/1/2005,1389.91
3/2/2005,1387.22
3/3/2005,1386.21
3/4/2005,1387.98
3/7/2005,1385.82
3/8/2005,1389.92
3/9/2005,1389.23
3/10/2005,1390.14
3/11/2005,1388.97
3/14/2005,1387.08
3/15/2005,1385.48
3/16/2005,1385.34
3/17/2005,1386.85
3/18/2005,1382.39
3/21/2005,1383.83
3/22/2005,1383.97
3/23/2005,1387.45
3/24/2005,1387.45
3/25/2005,1387.42
3/28/2005,1387.31
3/29/2005,1391.75
3/30/2005,1396.09
3/31/2005,1392.11
4/1/2005,1389.86
4/4/2005,1389.46
4/5/2005,1395.85
4/6/2005,1398.16
4/7/2005,1398.45
4/8/2005,1397.69
4/11/2005,1401.91
4/12/2005,1405.19
4/13/2005,1406.42
4/14/2005,1406.46
4/15/2005,1408.11
4/18/2005,1414.33
4/19/2005,1410.25
4/20/2005,1406.93
4/21/2005,1410.85
4/22/2005,1410.84
4/25/2005,1408.84
4/26/2005,1410.54
4/27/2005,1404.39
4/28/2005,1409.24
4/29/2005,1407.35
5/2/2005,1406.85
5/3/2005,1409.05
5/4/2005,1406.22
5/5/2005,1404.77
5/6/2005,1403.78
5/9/2005,1402.93
5/10/2005,1404.31
5/11/2005,1405.8
5/12/2005,1407.72
5/13/2005,1408.63
5/16/2005,1409.5
5/17/2005,1412.04
5/18/2005,1410.73
5/19/2005,1404.27
5/20/2005,1401.77
5/23/2005,1400.91
5/24/2005,1403.27
5/25/2005,1406.6
5/26/2005,1406.14
5/27/2005,1399.96
5/30/2005,1399.88
5/31/2005,1389.8
6/1/2005,1391.69
6/2/2005,1390.18
6/3/2005,1387.88
6/6/2005,1382.48
6/7/2005,1390.77
6/8/2005,1387.83
6/9/2005,1385.91
6/10/2005,1384.48
6/13/2005,1382.67
6/14/2005,1380.13
6/15/2005,1377.99
6/16/2005,1378.15
6/17/2005,1376.24
6/20/2005,1369.94
6/21/2005,1369.73
6/22/2005,1372.58
6/23/2005,1366.34
6/24/2005,1368.65
6/27/2005,1371.1
6/28/2005,1371.39
6/29/2005,1370.3
6/30/2005,1372.53
7/1/2005,1370.66
7/4/2005,1370.67
7/5/2005,1368.08
7/6/2005,1371.01
7/7/2005,1367.99
7/8/2005,1371.02
7/11/2005,1372.77
7/12/2005,1372.8
7/13/2005,1377.05
7/14/2005,1375.4
7/15/2005,1376.52
7/18/2005,1375.7
7/19/2005,1370.56
7/20/2005,1369.08
7/21/2005,1367.72
7/22/2005,1367.88
7/25/2005,1372.26
7/26/2005,1371.47
7/27/2005,1372.37
7/28/2005,1374.33
7/29/2005,1376.19
8/1/2005,1377.51
8/2/2005,1380.67
8/3/2005,1386.38
8/4/2005,1389.2
8/5/2005,1391.83
8/8/2005,1395.14
8/9/2005,1394.89
8/10/2005,1389.99
8/11/2005,1384.03
8/12/2005,1379.3
8/15/2005,1379.67
8/16/2005,1377.3
8/17/2005,1379.29
8/18/2005,1375.81
8/19/2005,1377.91
8/22/2005,1375.48
8/23/2005,1372.21
8/24/2005,1366.63
8/25/2005,1364.71
8/26/2005,1362.98
8/29/2005,1366.71
8/30/2005,1362.21
8/31/2005,1364.62
9/1/2005,1362.18
9/2/2005,1364.37
9/5/2005,1364.35
9/6/2005,1362.8
9/7/2005,1360.23
9/8/2005,1361.95
9/9/2005,1355.05
9/12/2005,1352.3
9/13/2005,1352.42
9/14/2005,1349.62
9/15/2005,1344.58
9/16/2005,1346.56
9/19/2005,1344.07
9/20/2005,1341.51
9/21/2005,1340.36
9/22/2005,1342.89
9/23/2005,1340.44
9/26/2005,1335.4
9/27/2005,1338.08
9/28/2005,1333.48
9/29/2005,1332
9/30/2005,1335.36
10/3/2005,1333.98
10/4/2005,1333.64
10/5/2005,1335.97
10/6/2005,1346.04
10/7/2005,1345.26
10/10/2005,1345.17
10/11/2005,1347.36
10/12/2005,1348.45
10/13/2005,1348.38
10/14/2005,1346.52
10/17/2005,1347.07
10/18/2005,1349.52
10/19/2005,1352.76
10/20/2005,1357.16
10/21/2005,1354.43
10/24/2005,1356.63
10/25/2005,1356.01
10/26/2005,1359.79
10/27/2005,1359.29
10/28/2005,1363.14
10/31/2005,1361.63
11/1/2005,1355.43
11/2/2005,1358.58
11/3/2005,1360.3
11/4/2005,1357.38
11/7/2005,1357.95
11/8/2005,1357.69
11/9/2005,1355.76
11/10/2005,1359.44
11/11/2005,1359.4
11/14/2005,1359.79
11/15/2005,1360.85
11/16/2005,1357.49
11/17/2005,1350.96
11/18/2005,1346.98
11/21/2005,1343.1
11/22/2005,1344.63
11/23/2005,1341.45
11/24/2005,1341.43
11/25/2005,1342.18
11/28/2005,1333.8
11/29/2005,1334.02
11/30/2005,1334.47
12/1/2005,1337.21
12/2/2005,1339.41
12/5/2005,1336.77
12/6/2005,1336.99
12/7/2005,1336.39
12/8/2005,1340.49
12/9/2005,1339.53
12/12/2005,1333.1
12/13/2005,1332.39
12/14/2005,1331.79
12/15/2005,1330.65
12/16/2005,1335.6
12/19/2005,1335.33
12/20/2005,1334.37
12/21/2005,1330.88
12/22/2005,1327.22
12/23/2005,1328.2
12/26/2005,1328.1
12/27/2005,1330.29
12/28/2005,1323.6
12/29/2005,1319.69
12/30/2005,1320.06
1/2/2006,1319.96
1/3/2006,1319.21
1/4/2006,1320.24
1/5/2006,1315.93
1/6/2006,1315.08
1/9/2006,1313.71
1/10/2006,1309.57
1/11/2006,1309.16
1/12/2006,1307.04
1/13/2006,1305.34
1/16/2006,1305.23
1/17/2006,1311.51
1/18/2006,1315.08
1/19/2006,1308.13
1/20/2006,1305.4
1/23/2006,1308.26
1/24/2006,1311.79
1/25/2006,1313.48
1/26/2006,1309.84
1/27/2006,1312.1
1/30/2006,1312.62
1/31/2006,1308.33
2/1/2006,1309.9
2/2/2006,1311.28
2/3/2006,1312.33
2/6/2006,1310.05
2/7/2006,1311.68
2/8/2006,1316.84
2/9/2006,1315.39
2/10/2006,1316.1
2/13/2006,1318.77
2/14/2006,1320.5
2/15/2006,1322.39
2/16/2006,1323.62
2/17/2006,1322.09
2/20/2006,1322.02
2/21/2006,1319.13
2/22/2006,1320.1
2/23/2006,1313.31
2/24/2006,1309.33
2/27/2006,1309.69
2/28/2006,1308.24
3/1/2006,1314.09
3/2/2006,1311.83
3/3/2006,1316.91
3/6/2006,1316.62
3/7/2006,1318.88
3/8/2006,1322.77
3/9/2006,1319.54
3/10/2006,1319.06
3/13/2006,1316.68
3/14/2006,1317.87
3/15/2006,1315.96
3/16/2006,1314.12
3/17/2006,1314.52
3/20/2006,1315.02
3/21/2006,1317.76
3/22/2006,1319.01
3/23/2006,1317.69
3/24/2006,1314.53
3/27/2006,1312.83
3/28/2006,1309.82
3/29/2006,1308.57
3/30/2006,1302.58
3/31/2006,1299.02
4/3/2006,1298.86
4/4/2006,1302.61
4/5/2006,1306.73
4/6/2006,1306.01
4/7/2006,1302.63
4/10/2006,1304.97
4/11/2006,1307.91
4/12/2006,1313.57
4/13/2006,1312.63
4/14/2006,1312.6
4/17/2006,1312.61
4/18/2006,1319.91
4/19/2006,1319.6
4/20/2006,1319.25
4/21/2006,1317.82
4/24/2006,1319.36
4/25/2006,1311.87
4/26/2006,1309.76
4/27/2006,1309.04
4/28/2006,1308.6
5/1/2006,1308.51
5/2/2006,1305.08
5/3/2006,1311.23
5/4/2006,1310.65
5/5/2006,1307.13
5/8/2006,1305.64
5/9/2006,1308.08
5/10/2006,1306.81
5/11/2006,1307.35
5/12/2006,1312.3
5/15/2006,1315.12
5/16/2006,1318.92
5/17/2006,1313.61
5/18/2006,1320.23
5/19/2006,1324.4
5/22/2006,1331.73
5/23/2006,1325.62
5/24/2006,1331.08
5/25/2006,1334.87
5/26/2006,1337.13
5/29/2006,1337.13
5/30/2006,1330.96
5/31/2006,1337.86
6/1/2006,1343.45
6/2/2006,1333.81
6/5/2006,1329.52
6/6/2006,1340.98
6/7/2006,1344
6/8/2006,1360.02
6/9/2006,1351.65
6/12/2006,1350.79
6/13/2006,1363.72
6/14/2006,1365.66
6/15/2006,1362.6
6/16/2006,1355.75
6/19/2006,1353.98
6/20/2006,1357.16
6/21/2006,1359.86
6/22/2006,1352.06
6/23/2006,1356.24
6/26/2006,1358.62
6/27/2006,1357
6/28/2006,1362.82
6/29/2006,1365.16
6/30/2006,1351.21
7/3/2006,1350.99
7/4/2006,1350.95
7/5/2006,1351.23
7/6/2006,1352.63
7/7/2006,1353.11
7/10/2006,1350.87
7/11/2006,1358.65
7/12/2006,1361.06
7/13/2006,1358.72
7/14/2006,1364.5
7/17/2006,1373.46
7/18/2006,1380.16
7/19/2006,1389.64
7/20/2006,1375
7/21/2006,1374.38
7/24/2006,1381.38
7/25/2006,1384.56
7/26/2006,1382.4
7/27/2006,1373.86
7/28/2006,1374.32
7/31/2006,1373.25
8/1/2006,1375.66
8/2/2006,1373.61
8/3/2006,1386.85
8/4/2006,1386.72
8/7/2006,1395.39
8/8/2006,1390.19
8/9/2006,1382.28
8/10/2006,1386.92
8/11/2006,1379.79
8/14/2006,1375.82
8/15/2006,1378.92
8/16/2006,1377.43
8/17/2006,1376.92
8/18/2006,1377.13
8/21/2006,1375.8
8/22/2006,1375.77
8/23/2006,1375.26
8/24/2006,1373.78
8/25/2006,1373.73
8/28/2006,1381.35
8/29/2006,1378.02
8/30/2006,1377.8
8/31/2006,1375
9/1/2006,1377.17
9/4/2006,1377.01
9/5/2006,1370.89
9/6/2006,1371.2
9/7/2006,1373.93
9/8/2006,1374.97
9/11/2006,1377.64
9/12/2006,1383.81
9/13/2006,1385.35
9/14/2006,1384.1
9/15/2006,1385.61
9/18/2006,1386.16
9/19/2006,1386.57
9/20/2006,1389.35
9/21/2006,1380.68
9/22/2006,1382.79
9/25/2006,1390.99
9/26/2006,1393.35
9/27/2006,1385.56
9/28/2006,1388.63
9/29/2006,1384.37
10/2/2006,1379.78
10/3/2006,1382.54
10/4/2006,1386.65
10/5/2006,1383.76
10/6/2006,1389.21
10/9/2006,1389.11
10/10/2006,1399.73
10/11/2006,1400.45
10/12/2006,1401.02
10/13/2006,1398.13
10/16/2006,1398.03
10/17/2006,1398.46
10/18/2006,1391
10/19/2006,1385.92
10/20/2006,1389.03
10/23/2006,1392.49
10/24/2006,1398.62
10/25/2006,1395.47
10/26/2006,1389.17
10/27/2006,1385.07
10/30/2006,1392.59
10/31/2006,1390.32
11/1/2006,1384.39
11/2/2006,1384
11/3/2006,1380.77
11/6/2006,1383.53
11/7/2006,1384.1
11/8/2006,1385.91
11/9/2006,1380.3
11/10/2006,1380.28
11/13/2006,1381.73
11/14/2006,1381.3
11/15/2006,1384.84
11/16/2006,1385.87
11/17/2006,1386.26
11/20/2006,1389.87
11/21/2006,1388.48
11/22/2006,1381.96
11/23/2006,1381.93
11/24/2006,1381.04
11/27/2006,1377.93
11/28/2006,1376.89
11/29/2006,1373.8
11/30/2006,1375.97
12/1/2006,1375.27
12/4/2006,1377.04
12/5/2006,1380.29
12/6/2006,1381.56
12/7/2006,1380.24
12/8/2006,1380.87
12/11/2006,1381.61
12/12/2006,1378.02
12/13/2006,1380.63
12/14/2006,1384.52
12/15/2006,1382.3
12/18/2006,1383.95
12/19/2006,1383.57
12/20/2006,1380.34
12/21/2006,1376.9
12/22/2006,1378.24
12/25/2006,1378.14
12/26/2006,1378.11
12/27/2006,1380
12/28/2006,1382.17
12/29/2006,1377.76
1/2/2007,1376.62
1/3/2007,1376.94
1/4/2007,1372.48
1/5/2007,1372.42
1/8/2007,1370.13
1/9/2007,1370.13
1/10/2007,1374.18
1/11/2007,1382.79
1/12/2007,1381.39
1/15/2007,1381.3
1/16/2007,1377.42
1/17/2007,1376.77
1/18/2007,1374.6
1/19/2007,1373.06
1/22/2007,1371.92
1/23/2007,1373.11
1/24/2007,1369.53
1/25/2007,1367.82
1/26/2007,1363.7
1/29/2007,1362.61
1/30/2007,1365.8
1/31/2007,1371.63
2/1/2007,1369.4
2/2/2007,1371.62
2/5/2007,1370.57
2/6/2007,1373.52
2/7/2007,1381.49
2/8/2007,1381.69
2/9/2007,1381.16
2/12/2007,1382.62
2/13/2007,1382.14
2/14/2007,1386.78
2/15/2007,1384.11
2/16/2007,1381.56
2/19/2007,1381.47
2/20/2007,1381.06
2/21/2007,1379.06
2/22/2007,1379.07
2/23/2007,1378.76
2/26/2007,1379.4
2/27/2007,1372.02
2/28/2007,1372.71
3/1/2007,1371.36
3/2/2007,1377.54
3/5/2007,1384.13
3/6/2007,1384.09
3/7/2007,1386.15
3/8/2007,1388.95
3/9/2007,1395.9
3/12/2007,1392.28
3/13/2007,1389.02
3/14/2007,1391.53
3/15/2007,1395.65
3/16/2007,1397.18
3/19/2007,1401.19
3/20/2007,1400.03
3/21/2007,1400.01
3/22/2007,1400.91
3/23/2007,1400.28
3/26/2007,1399.46
3/27/2007,1399.11
3/28/2007,1394.9
3/29/2007,1401.9
3/30/2007,1403.85
4/2/2007,1410.95
4/3/2007,1413.59
4/4/2007,1410.82
4/5/2007,1408.83
4/10/2007,1409.13
4/11/2007,1409.25
4/12/2007,1411.29
4/13/2007,1414.15
4/16/2007,1418.01
4/17/2007,1421.17
4/18/2007,1417.11
4/19/2007,1420.86
4/20/2007,1424.8
4/23/2007,1428.6
4/24/2007,1427.22
4/25/2007,1438.52
4/26/2007,1438.02
4/27/2007,1443.9
4/30/2007,1447.92
5/1/2007,1447.74
5/2/2007,1449.42
5/3/2007,1450.39
5/4/2007,1454.44
5/8/2007,1450.52
5/9/2007,1454.48
5/10/2007,1456.56
5/11/2007,1456.43
5/14/2007,1458.82
5/15/2007,1462.74
5/16/2007,1464.45
5/17/2007,1466.86
5/18/2007,1468.19
5/21/2007,1464.05
5/22/2007,1456.31
5/23/2007,1459.91
5/24/2007,1462.65
5/25/2007,1464.63
5/29/2007,1464.83
5/30/2007,1463.77
5/31/2007,1462.82
6/1/2007,1466.84
6/4/2007,1466.01
6/5/2007,1461.46
6/6/2007,1458.47
6/7/2007,1457.57
6/8/2007,1459.72
6/11/2007,1459.57
6/12/2007,1460.66
6/13/2007,1463.22
6/14/2007,1465.81
6/15/2007,1465.95
6/18/2007,1468.66
6/19/2007,1464.64
6/20/2007,1465.83
6/21/2007,1460.68
6/22/2007,1463.05
6/25/2007,1465.91
6/26/2007,1469.05
6/27/2007,1468.52
6/28/2007,1471.56
6/29/2007,1473.55
7/2/2007,1470.84
7/3/2007,1472.76
7/4/2007,1472.73
7/5/2007,1475.68
7/6/2007,1476.63
7/9/2007,1477.74
7/10/2007,1473.47
7/11/2007,1476.32
7/12/2007,1483.43
7/13/2007,1479.32
7/16/2007,1480.44
7/17/2007,1476.66
7/18/2007,1471.79
7/19/2007,1474.36
7/20/2007,1475.54
7/23/2007,1483.57
7/24/2007,1480.44
7/25/2007,1475.42
7/26/2007,1474.45
7/27/2007,1473.92
7/30/2007,1474.42
7/31/2007,1481.49
8/1/2007,1484.68
8/2/2007,1486.03
8/3/2007,1481.58
8/6/2007,1480.99
8/7/2007,1484.29
8/8/2007,1480.58
8/9/2007,1451.1
8/10/2007,1450.36
8/13/2007,1470.7
8/14/2007,1467.58
8/15/2007,1472.16
8/16/2007,1466.11
8/17/2007,1482.03
8/20/2007,1481.65
8/21/2007,1481.53
8/22/2007,1492.37
8/23/2007,1492.46
8/24/2007,1499.01
8/28/2007,1497.2
8/29/2007,1500.31
8/30/2007,1505.64
8/31/2007,1505.39
9/3/2007,1505.25
9/4/2007,1501.25
9/5/2007,1499.15
9/6/2007,1501.37
9/7/2007,1496.48
9/10/2007,1497.1
9/11/2007,1504.07
9/12/2007,1507.12
9/13/2007,1515.46
9/14/2007,1509.95
9/17/2007,1504.98
9/18/2007,1509.06
9/19/2007,1518.83
9/20/2007,1514.92
9/21/2007,1520.19
9/24/2007,1520.79
9/25/2007,1515.67
9/26/2007,1519.3
9/27/2007,1515.78
9/28/2007,1514.34
10/1/2007,1515.31
10/2/2007,1511.28
10/3/2007,1510.84
10/4/2007,1514.05
10/5/2007,1517.93
10/8/2007,1517.73
10/9/2007,1514.34
10/10/2007,1514.03
10/11/2007,1511.07
10/12/2007,1513.52
10/15/2007,1509.33
10/16/2007,1509.25
10/17/2007,1514.36
10/18/2007,1509.99
10/19/2007,1505.09
10/22/2007,1502.98
10/23/2007,1513.23
10/24/2007,1510.38
10/25/2007,1520.29
10/26/2007,1512.68
10/29/2007,1509.03
10/30/2007,1504.21
10/31/2007,1506.99
11/1/2007,1499.47
11/2/2007,1500.71
11/5/2007,1501.82
11/6/2007,1506.79
11/7/2007,1508.45
11/8/2007,1513.52
11/9/2007,1506.17
11/12/2007,1506.07
11/13/2007,1509.58
11/14/2007,1508.94
11/15/2007,1500.59
11/16/2007,1502.82
11/19/2007,1505.51
11/20/2007,1509.3
11/21/2007,1505.83
11/22/2007,1505.8
11/23/2007,1504.44
11/26/2007,1504.18
11/27/2007,1500.39
11/28/2007,1513.69
11/29/2007,1513.26
11/30/2007,1511.04
12/3/2007,1507.07
12/4/2007,1505.61
12/5/2007,1509.91
12/6/2007,1509.46
12/7/2007,1511.41
12/10/2007,1510.16
12/11/2007,1500.78
12/12/2007,1502.37
12/13/2007,1509.05
12/14/2007,1512.56
12/17/2007,1515.67
12/18/2007,1515.92
12/19/2007,1516.71
12/20/2007,1522.84
12/21/2007,1528.99
12/27/2007,1527.11
12/28/2007,1525.97
1/2/2008,1510.27
1/3/2008,1511.56
1/4/2008,1509.43
1/7/2008,1514.26
1/8/2008,1510.59
1/9/2008,1508.15
1/10/2008,1508.76
1/11/2008,1504.12
1/14/2008,1501.29
1/15/2008,1496.44
1/16/2008,1498.36
1/17/2008,1500.02
1/18/2008,1505.18
1/21/2008,1505.17
1/22/2008,1522.22
1/23/2008,1521.85
1/24/2008,1521.94
1/25/2008,1510.95
1/28/2008,1517.9
1/29/2008,1516.78
1/30/2008,1515.27
1/31/2008,1512.24
2/1/2008,1511.93
2/4/2008,1502.37
2/5/2008,1494.71
2/6/2008,1504.03
2/7/2008,1509.75
2/8/2008,1510.38
2/11/2008,1506.98
2/12/2008,1511.17
2/13/2008,1512.13
2/14/2008,1504.09
2/15/2008,1502.37
2/18/2008,1502.29
2/19/2008,1498.79
2/20/2008,1509.83
2/21/2008,1508.28
2/22/2008,1514.61
2/25/2008,1515.52
2/26/2008,1514.46
2/27/2008,1507.08
2/28/2008,1509.25
2/29/2008,1507.53
3/3/2008,1513.87
3/4/2008,1518.34
3/5/2008,1519.39
3/6/2008,1515.29
3/7/2008,1521.17
3/10/2008,1531.28
3/11/2008,1534.58
3/12/2008,1529.55
3/13/2008,1536.53
3/14/2008,1536.5
3/17/2008,1539.7
3/18/2008,1546.62
3/19/2008,1545.97
3/20/2008,1544.59
3/25/2008,1537.07
3/26/2008,1536.61
3/27/2008,1539.18
3/28/2008,1536.7
3/31/2008,1541.61
4/1/2008,1544.27
4/2/2008,1534.01
4/3/2008,1528.14
4/4/2008,1529
4/7/2008,1528.3
4/8/2008,1531.8
4/9/2008,1537.92
4/10/2008,1546.94
4/11/2008,1546.03
4/14/2008,1549.59
4/15/2008,1548
4/16/2008,1539.81
4/17/2008,1544.02
4/18/2008,1539.74
4/21/2008,1541.67
4/22/2008,1545.38
4/23/2008,1546.27
4/24/2008,1542.62
4/25/2008,1540.44
4/28/2008,1534.52
4/29/2008,1535.4
4/30/2008,1529.35
5/1/2008,1529.31
5/2/2008,1533.63
5/6/2008,1532.62
5/7/2008,1528.77
5/8/2008,1528.12
5/9/2008,1533.43
5/12/2008,1530.86
5/13/2008,1529.6
5/14/2008,1539.27
5/15/2008,1533.51
5/16/2008,1530.96
5/19/2008,1533.22
5/20/2008,1535.21
5/21/2008,1543.71
5/22/2008,1538.28
5/23/2008,1540.94
5/27/2008,1543.42
5/28/2008,1548.86
5/29/2008,1555.18
5/30/2008,1550.82
6/2/2008,1553.3
6/3/2008,1553.4
6/4/2008,1557.14
6/5/2008,1557.46
6/6/2008,1558.41
6/9/2008,1566.89
6/10/2008,1575.47
6/11/2008,1578.86
6/12/2008,1576.5
6/13/2008,1568.99
6/16/2008,1569
6/17/2008,1569.51
6/18/2008,1574.09
6/19/2008,1579.26
6/20/2008,1579.87
6/23/2008,1585.73
6/24/2008,1586.88
6/25/2008,1580.67
6/26/2008,1588.11
6/27/2008,1590.11
6/30/2008,1593.21
7/1/2008,1599.4
7/2/2008,1608.82
7/3/2008,1615.72
7/4/2008,1615.64
7/7/2008,1621.09
7/8/2008,1628.69
7/9/2008,1628.95
7/10/2008,1634.58
7/11/2008,1634.99
7/14/2008,1629.44
7/15/2008,1632.83
7/16/2008,1622.28
7/17/2008,1605.41
7/18/2008,1596.83
7/21/2008,1596.4
7/22/2008,1594.65
7/23/2008,1577.18
7/24/2008,1580.22
7/25/2008,1586.21
7/28/2008,1601.07
7/29/2008,1606.13
7/30/2008,1605.13
7/31/2008,1606.89
8/1/2008,1604.65
8/4/2008,1596.28
8/5/2008,1580.92
8/6/2008,1582.69
8/7/2008,1588.14
8/8/2008,1576.03
8/11/2008,1567.56
8/12/2008,1567.14
8/13/2008,1582.86
8/14/2008,1584.66
8/15/2008,1575.13
8/18/2008,1583.46
8/19/2008,1596.4
8/20/2008,1598.2
8/21/2008,1603.18
8/22/2008,1598.57
8/26/2008,1601.78
8/27/2008,1606.16
8/28/2008,1603.15
8/29/2008,1599.83
9/1/2008,1599.57
9/2/2008,1591
9/3/2008,1588.71
9/4/2008,1594.49
9/5/2008,1598.33
9/8/2008,1586.06
9/9/2008,1581.41
9/10/2008,1591.29
9/11/2008,1598.89
9/12/2008,1595.12
9/15/2008,1600.21
9/16/2008,1613.98
9/17/2008,1604.96
9/18/2008,1596.98
9/19/2008,1584.26
9/22/2008,1595.93
9/23/2008,1596.18
9/24/2008,1595.44
9/25/2008,1592.77
9/26/2008,1594.49
9/29/2008,1610.25
9/30/2008,1608.7
10/1/2008,1603.21
10/2/2008,1601.16
10/3/2008,1615.31
10/6/2008,1625.26
10/7/2008,1632.21
10/8/2008,1644.95
10/9/2008,1654.81
10/10/2008,1671.62
10/13/2008,1678.24
10/14/2008,1655.07
10/15/2008,1659.21
10/16/2008,1692.36
10/17/2008,1693.78
10/20/2008,1713
10/21/2008,1699.82
10/22/2008,1707.04
10/23/2008,1725.19
10/24/2008,1735.31
10/27/2008,1741.6
10/28/2008,1757.55
10/29/2008,1750.93
10/30/2008,1749.14
10/31/2008,1738.29
11/3/2008,1724.57
11/4/2008,1718.18
11/5/2008,1711.9
11/6/2008,1724.05
11/7/2008,1735.17
11/10/2008,1738.43
11/11/2008,1760.95
11/12/2008,1767.95
11/13/2008,1782.86
11/14/2008,1780.8
11/17/2008,1783.71
11/18/2008,1788.39
11/19/2008,1803.63
11/20/2008,1811.72
11/21/2008,1824.87
11/24/2008,1803.05
11/25/2008,1800.52
11/26/2008,1792.51
11/27/2008,1792.38
11/28/2008,1786.51
12/1/2008,1790.32
12/2/2008,1783.35
12/3/2008,1782.29
12/4/2008,1779.32
12/5/2008,1774.68
12/8/2008,1772.18
12/9/2008,1774.88
12/10/2008,1767.32
12/11/2008,1770.64
12/12/2008,1781.46
12/15/2008,1786.57
12/16/2008,1791.5
12/17/2008,1783.36
12/18/2008,1778.2
12/19/2008,1768.57
12/22/2008,1784.03
12/23/2008,1783.54
12/29/2008,1791.13
12/30/2008,1788.76
1/2/2009,1772.79
1/5/2009,1754.28
1/6/2009,1738.3
1/7/2009,1731.68
1/8/2009,1732.56
1/9/2009,1726.62
1/12/2009,1735.75
1/13/2009,1747.12
1/14/2009,1757.19
1/15/2009,1774.79
1/16/2009,1770.92
1/19/2009,1770.52
1/20/2009,1778.29
1/21/2009,1779.71
1/22/2009,1782.13
1/23/2009,1779.32
1/26/2009,1774.36
1/27/2009,1769.1
1/28/2009,1769.21
1/29/2009,1763.72
1/30/2009,1770.82
2/2/2009,1782.19
2/3/2009,1783.25
2/4/2009,1767.41
2/5/2009,1771.28
2/6/2009,1772.1
2/9/2009,1768.37
2/10/2009,1764.8
2/11/2009,1764.3
2/12/2009,1771.96
2/13/2009,1762.2
2/16/2009,1762.14
2/17/2009,1764.33
2/18/2009,1776.71
2/19/2009,1777.87
2/20/2009,1787.73
2/23/2009,1779.11
2/24/2009,1796.13
2/25/2009,1787.51
2/26/2009,1777.93
2/27/2009,1779.93
3/2/2009,1782.37
3/3/2009,1789.33
3/4/2009,1783.85
3/5/2009,1770.98
3/6/2009,1783.27
3/9/2009,1791.59
3/10/2009,1796.68
3/11/2009,1784.28
3/12/2009,1786.09
3/13/2009,1776.36
3/16/2009,1761.72
3/17/2009,1765.44
3/18/2009,1755.1
3/19/2009,1710.93
3/20/2009,1714.54
3/23/2009,1715.42
3/24/2009,1711.28
3/25/2009,1717.47
3/26/2009,1716.31
3/27/2009,1726.03
3/30/2009,1752.98
3/31/2009,1743.37
4/1/2009,1720.24
4/2/2009,1681.21
4/3/2009,1672.81
4/6/2009,1669.93
4/7/2009,1683.11
4/8/2009,1690.42
4/9/2009,1686.26
4/14/2009,1658.09
4/15/2009,1662.26
4/16/2009,1670.09
4/17/2009,1650.08
4/20/2009,1657.68
4/21/2009,1657.12
4/22/2009,1652.91
4/23/2009,1644.77
4/24/2009,1634.97
4/27/2009,1632.71
4/28/2009,1644.36
4/29/2009,1625.54
4/30/2009,1618.91
5/1/2009,1618.87
5/5/2009,1576.89
5/6/2009,1570.33
5/7/2009,1572.12
5/8/2009,1562.29
5/11/2009,1562.82
5/12/2009,1568.61
5/13/2009,1579.68
5/14/2009,1580.9
5/15/2009,1578.11
5/18/2009,1581.74
5/19/2009,1572.17
5/20/2009,1563.46
5/21/2009,1561.74
5/22/2009,1563.54
5/26/2009,1573.57
5/27/2009,1564.64
5/28/2009,1569.63
5/29/2009,1565.45
6/1/2009,1566.24
6/2/2009,1564.77
6/3/2009,1576.38
6/4/2009,1581.14
6/5/2009,1584.35
6/8/2009,1583.35
6/9/2009,1580.68
6/10/2009,1575.89
6/11/2009,1563.97
6/12/2009,1564.97
6/15/2009,1568.84
6/16/2009,1568.73
6/17/2009,1574.13
6/18/2009,1580.68
6/19/2009,1576.37
6/22/2009,1581.7
6/23/2009,1584.29
6/24/2009,1574.39
6/25/2009,1582.15
6/26/2009,1576.08
6/29/2009,1581.75
6/30/2009,1579.96
7/1/2009,1577.06
7/2/2009,1573.72
7/3/2009,1573.69
7/6/2009,1592.81
7/7/2009,1588.45
7/8/2009,1606.7
7/9/2009,1596.22
7/10/2009,1599.4
7/13/2009,1613.69
7/14/2009,1600.35
7/15/2009,1593.25
7/16/2009,1591.58
7/17/2009,1587.63
7/20/2009,1574.56
7/21/2009,1562.88
7/22/2009,1559.65
7/23/2009,1556.06
7/24/2009,1550.28
7/27/2009,1548.8
7/28/2009,1551.71
7/29/2009,1556.33
7/30/2009,1543.47
7/31/2009,1533.18
8/3/2009,1516.06
8/4/2009,1510.62
8/5/2009,1511.39
8/6/2009,1513.04
8/7/2009,1523.37
8/10/2009,1517.62
8/11/2009,1520.57
8/12/2009,1523.91
8/13/2009,1512.8
8/14/2009,1505.12
8/17/2009,1516.65
8/18/2009,1511.22
8/19/2009,1513.15
8/20/2009,1506.87
8/21/2009,1512.8
8/24/2009,1503.52
8/25/2009,1505.94
8/26/2009,1507.18
8/27/2009,1517.36
8/28/2009,1506.93
9/1/2009,1506.31
9/2/2009,1506.57
9/3/2009,1505.26
9/4/2009,1510.47
9/7/2009,1510.34
9/8/2009,1497.05
9/9/2009,1489.08
9/10/2009,1479.18
9/11/2009,1473.18
9/14/2009,1486.67
9/15/2009,1481
9/16/2009,1477.27
9/17/2009,1476.45
9/18/2009,1487.38
9/21/2009,1495.94
9/22/2009,1482.01
9/23/2009,1485.02
9/24/2009,1485.46
9/25/2009,1489.55
9/28/2009,1502.85
9/29/2009,1505.38
9/30/2009,1499.26
10/1/2009,1499.65
10/2/2009,1509.36
10/5/2009,1515.87
10/6/2009,1504.06
10/7/2009,1498.59
10/8/2009,1482.57
10/9/2009,1485.64
10/12/2009,1481.52
10/13/2009,1478.81
10/14/2009,1477.72
10/15/2009,1478.76
10/16/2009,1481.29
10/19/2009,1480.07
10/20/2009,1473.47
10/21/2009,1470.71
10/22/2009,1482.77
10/23/2009,1480.03
10/26/2009,1483.24
10/27/2009,1497.98
10/28/2009,1513.77
10/29/2009,1510.88
10/30/2009,1505.49
11/2/2009,1518.15
11/3/2009,1523.22
11/4/2009,1513.9
11/5/2009,1527.51
11/6/2009,1524.11
11/9/2009,1516.91
11/10/2009,1521.92
11/11/2009,1520.48
11/12/2009,1525.86
11/13/2009,1527.92
11/16/2009,1524.46
11/17/2009,1531.24
11/18/2009,1533.34
11/19/2009,1539.3
11/20/2009,1541.18
11/23/2009,1538.6
11/24/2009,1544.03
11/25/2009,1538.03
11/26/2009,1537.93
11/27/2009,1548.02
11/30/2009,1538.95
12/1/2009,1527.46
12/2/2009,1527.82
12/3/2009,1517.29
12/4/2009,1523.39
12/7/2009,1517.97
12/8/2009,1521.4
12/9/2009,1530.18
12/10/2009,1538.53
12/11/2009,1535.94
12/14/2009,1526.95
12/15/2009,1528.62
12/16/2009,1522.82
12/17/2009,1528.74
12/18/2009,1534.18
12/21/2009,1531.31
12/22/2009,1529.56
12/23/2009,1526.8
12/29/2009,1519.08
12/30/2009,1525.54
1/4/2010,1506.78
1/5/2010,1496.18
1/6/2010,1495.12
1/7/2010,1502.02
1/8/2010,1495.26
1/11/2010,1487.93
1/12/2010,1488.97
1/13/2010,1493.31
1/14/2010,1483.2
1/15/2010,1477.6
1/18/2010,1477.46
1/19/2010,1492.57
1/20/2010,1490.8
1/21/2010,1484.28
1/22/2010,1482.43
1/25/2010,1490.05
1/26/2010,1501.38
1/27/2010,1511.24
1/28/2010,1504.95
1/29/2010,1512.53
2/1/2010,1518.49
2/2/2010,1512.66
2/3/2010,1514.72
2/4/2010,1511.1
2/5/2010,1515.94
2/8/2010,1520.27
2/9/2010,1525.77
2/10/2010,1531.64
2/11/2010,1533.61
2/12/2010,1533.89
2/15/2010,1533.77
2/16/2010,1541.08
2/17/2010,1537.27
2/18/2010,1542.61
2/19/2010,1552.61
2/22/2010,1540.09
2/23/2010,1540.93
2/24/2010,1549.93
2/25/2010,1548.55
2/26/2010,1546.78
3/1/2010,1558.33
3/2/2010,1551.97
3/3/2010,1547.12
3/4/2010,1556.61
3/5/2010,1555.84
3/8/2010,1543.74
3/9/2010,1539.01
3/10/2010,1543.82
3/11/2010,1539.85
3/12/2010,1541.7
3/15/2010,1538.69
3/16/2010,1542.24
3/17/2010,1536.95
3/18/2010,1543.33
3/19/2010,1542.87
3/22/2010,1544.01
3/23/2010,1549.73
3/24/2010,1545.61
3/25/2010,1547.07
3/26/2010,1539.44
3/29/2010,1533.11
3/30/2010,1528.33
3/31/2010,1526.53
4/1/2010,1525.57
4/6/2010,1521.22
4/7/2010,1518.54
4/8/2010,1520.49
4/9/2010,1523.11
4/12/2010,1520.57
4/13/2010,1525.19
4/14/2010,1528.7
4/15/2010,1527.36
4/16/2010,1527.89
4/19/2010,1535.94
4/20/2010,1539.1
4/21/2010,1532.64
4/22/2010,1538.95
4/23/2010,1548.92
4/26/2010,1541.3
4/27/2010,1532.38
4/28/2010,1539.94
4/29/2010,1543.02
4/30/2010,1529.16
5/4/2010,1533.54
5/5/2010,1532.94
5/6/2010,1530.51
5/7/2010,1524.99
5/10/2010,1547.94
5/11/2010,1553.8
5/12/2010,1559.89
5/13/2010,1542.39
5/14/2010,1540.56
5/17/2010,1554.87
5/18/2010,1556.46
5/19/2010,1554.37
5/20/2010,1547.77
5/21/2010,1560.78
5/24/2010,1557.19
5/25/2010,1563.6
5/26/2010,1558.83
5/27/2010,1560.01
5/28/2010,1553.62
6/1/2010,1556.71
6/2/2010,1575.83
6/3/2010,1567.76
6/4/2010,1554.95
6/7/2010,1564.34
6/8/2010,1568.01
6/9/2010,1580.66
6/10/2010,1583.09
6/11/2010,1576.74
6/14/2010,1571.23
6/15/2010,1573.88
6/16/2010,1565.25
6/17/2010,1562.34
6/18/2010,1560.74
6/21/2010,1547.11
6/22/2010,1544.89
6/23/2010,1550.7
6/24/2010,1542.19
6/25/2010,1549.17
6/28/2010,1554.68
6/29/2010,1553.13
6/30/2010,1556.98
7/1/2010,1562.76
7/2/2010,1560.13
7/5/2010,1560.07
7/6/2010,1554.9
7/7/2010,1564.99
7/8/2010,1561.09
7/9/2010,1562.38
7/12/2010,1565.03
7/13/2010,1572.03
7/14/2010,1568.72
7/15/2010,1572.98
7/16/2010,1568.04
7/19/2010,1573.62
7/20/2010,1573.89
7/21/2010,1574.04
7/22/2010,1579.28
7/23/2010,1575.7
7/26/2010,1572.1
7/27/2010,1573.32
7/28/2010,1562.9
7/29/2010,1558.41
7/30/2010,1565.78
8/2/2010,1569.78
8/3/2010,1562.87
8/4/2010,1568.64
8/5/2010,1559.99
8/6/2010,1553.76
8/9/2010,1557.68
8/10/2010,1559.29
8/11/2010,1556.49
8/12/2010,1554.7
8/13/2010,1548.18
8/16/2010,1545.55
8/17/2010,1550.32
8/18/2010,1549.83
8/19/2010,1546.3
8/20/2010,1553.01
8/23/2010,1552.3
8/24/2010,1546.19
8/25/2010,1551.16
8/26/2010,1552.34
8/27/2010,1553.12
8/31/2010,1545.56
9/1/2010,1551.03
9/2/2010,1546.96
9/3/2010,1550.58
9/6/2010,1550.47
9/7/2010,1539
9/8/2010,1550.19
9/9/2010,1546.31
9/10/2010,1544.9
9/13/2010,1546.43
9/14/2010,1550.01
9/15/2010,1555.51
9/16/2010,1559.05
9/17/2010,1562.64
9/20/2010,1567.78
9/21/2010,1566.95
9/22/2010,1564
9/23/2010,1562.34
9/24/2010,1572.5
9/27/2010,1565.85
9/28/2010,1567.82
9/29/2010,1569.21
9/30/2010,1572.8
10/1/2010,1570.89
10/4/2010,1569.93
10/5/2010,1568.46
10/6/2010,1562.12
10/7/2010,1562.86
10/8/2010,1559.32
10/11/2010,1559.22
10/12/2010,1563.77
10/13/2010,1562.47
10/14/2010,1561.25
10/15/2010,1564.76
10/18/2010,1561.81
10/19/2010,1561.65
10/20/2010,1564.54
10/21/2010,1572.6
10/22/2010,1569.88
10/25/2010,1570.91
10/26/2010,1574.12
10/27/2010,1577.09
10/28/2010,1577.99
10/29/2010,1576.98
11/1/2010,1582.09
11/2/2010,1579.7
11/3/2010,1578.34
11/4/2010,1579.83
11/5/2010,1579.4
11/8/2010,1576.57
11/9/2010,1580.01
11/10/2010,1583.13
11/11/2010,1583.08
11/12/2010,1577.19
11/15/2010,1580.24
11/16/2010,1579.44
11/17/2010,1582.79
11/18/2010,1579.05
11/19/2010,1579.23
11/22/2010,1581.03
11/23/2010,1578.74
11/24/2010,1586.34
11/25/2010,1586.29
11/26/2010,1588.66
11/29/2010,1581.86
11/30/2010,1585.6
12/1/2010,1591.58
12/2/2010,1594.12
12/3/2010,1588.32
12/6/2010,1586
12/7/2010,1585.78
12/8/2010,1587.93
12/9/2010,1579.09
12/10/2010,1579.07
12/13/2010,1577.62
12/14/2010,1576.08
12/15/2010,1575.25
12/16/2010,1574.9
12/17/2010,1572.3
12/20/2010,1572.78
12/21/2010,1566.75
12/22/2010,1563.84
12/23/2010,1565.53
12/29/2010,1559.88
12/30/2010,1560.86
1/4/2011,1549.32
1/5/2011,1545.68
1/6/2011,1540.37
1/7/2011,1540.07
1/10/2011,1539.47
1/11/2011,1542.8
1/12/2011,1543.82
1/13/2011,1540.97
1/14/2011,1540.97
1/17/2011,1540.86
1/18/2011,1543.45
1/19/2011,1538.6
1/20/2011,1541.1
1/21/2011,1538.59
1/24/2011,1538.48
1/25/2011,1538.02
1/26/2011,1536.84
1/27/2011,1538.36
1/28/2011,1536.9
1/31/2011,1536.8
2/1/2011,1532.85
2/2/2011,1524.27
2/3/2011,1529.39
2/4/2011,1534.39
2/7/2011,1528.59
2/8/2011,1527.6
2/9/2011,1529.08
2/10/2011,1530.18
2/11/2011,1529.22
2/14/2011,1530.51
2/15/2011,1529.4
2/16/2011,1529.28
2/17/2011,1525.95
2/18/2011,1529.01
2/21/2011,1528.91
2/22/2011,1534.66
2/23/2011,1529.63
2/24/2011,1532.26
2/25/2011,1527.83
2/28/2011,1532.99
3/1/2011,1533.83
3/2/2011,1535.87
3/3/2011,1539.51
3/4/2011,1540.8
3/7/2011,1541.43
3/8/2011,1545.65
3/9/2011,1542.1
3/10/2011,1546.92
3/11/2011,1544.73
3/14/2011,1547.66
3/15/2011,1555.83
3/16/2011,1549.86
3/17/2011,1550.38
3/18/2011,1556.72
3/21/2011,1557.72
3/22/2011,1554.69
3/23/2011,1555.64
3/24/2011,1554.72
3/25/2011,1553.94
3/28/2011,1557.87
3/29/2011,1558.11
3/30/2011,1552.51
3/31/2011,1553.91
4/1/2011,1555.54
4/4/2011,1557.73
4/5/2011,1565.22
4/6/2011,1568.83
4/7/2011,1571.38
4/8/2011,1570.09
4/11/2011,1572.22
4/12/2011,1572.36
4/13/2011,1573.94
4/14/2011,1574.34
4/15/2011,1575.29
4/18/2011,1576.39
4/19/2011,1577.54
4/20/2011,1580.81
4/21/2011,1580.92
4/26/2011,1585.82
4/27/2011,1586.63
4/28/2011,1588.66
5/3/2011,1584.4
5/4/2011,1585.01
5/5/2011,1588.42
5/6/2011,1589.01
5/9/2011,1590.44
5/10/2011,1588.68
5/11/2011,1589.71
5/12/2011,1591.54
5/13/2011,1592.54
5/16/2011,1595.33
5/17/2011,1597.15
5/18/2011,1594.8
5/19/2011,1595.4
5/20/2011,1593.3
5/23/2011,1597.65
5/24/2011,1600.45
5/25/2011,1596.1
5/26/2011,1597.96
5/27/2011,1598.07
5/31/2011,1595.22
6/1/2011,1598.75
6/2/2011,1599.84
6/3/2011,1596.37
6/6/2011,1598.27
6/7/2011,1597.93
6/8/2011,1599.15
6/9/2011,1600.72
6/10/2011,1600.35
6/13/2011,1602.19
6/14/2011,1601.73
6/15/2011,1604.89
6/16/2011,1607.32
6/17/2011,1605.3
6/20/2011,1607.69
6/21/2011,1605.88
6/22/2011,1603.5
6/23/2011,1608.27
6/24/2011,1610.65
6/27/2011,1610.78
6/28/2011,1608.77
6/29/2011,1608.08
6/30/2011,1608.04
7/1/2011,1612.36
7/4/2011,1612.27
7/5/2011,1612.77
7/6/2011,1615.85
7/7/2011,1617.98
7/8/2011,1618.12
7/11/2011,1622.35
7/12/2011,1624.67
7/13/2011,1621.78
7/14/2011,1625.29
7/15/2011,1622.41
7/18/2011,1625.3
7/19/2011,1624.13
7/20/2011,1621.33
7/21/2011,1624.15
7/22/2011,1620.33
7/25/2011,1625.98
7/26/2011,1621.6
7/27/2011,1624.68
7/28/2011,1628.3
7/29/2011,1629.68
8/1/2011,1632.28
8/2/2011,1635.13
8/3/2011,1637.2
8/4/2011,1643.9
8/5/2011,1647.96
8/8/2011,1648.36
8/9/2011,1648.69
8/10/2011,1653.22
8/11/2011,1646.38
8/12/2011,1648.62
8/15/2011,1647.3
8/16/2011,1651.17
8/17/2011,1650.67
8/18/2011,1654.99
8/19/2011,1660.6
8/22/2011,1667.15
8/23/2011,1670.43
8/24/2011,1674.85
8/25/2011,1672.14
8/26/2011,1671.79
8/30/2011,1672.17
8/31/2011,1665.38
9/1/2011,1669.35
9/2/2011,1673.54
9/5/2011,1673.25
9/6/2011,1676.91
9/7/2011,1677.66
9/8/2011,1676.26
9/9/2011,1677.24
9/12/2011,1683.39
9/13/2011,1684.46
9/14/2011,1678.36
9/15/2011,1686.19
9/16/2011,1689.69
9/19/2011,1695.5
9/20/2011,1702.42
9/21/2011,1700.88
9/22/2011,1711.8
9/23/2011,1717.34
9/26/2011,1721.21
9/27/2011,1717.71
9/28/2011,1723.25
9/29/2011,1722.19
9/30/2011,1725.34
10/3/2011,1734.08
10/4/2011,1741.57
10/5/2011,1740.22
10/6/2011,1736.62
10/7/2011,1745.98
10/10/2011,1745.97
10/11/2011,1742.72
10/12/2011,1736.38
10/13/2011,1736.68
10/14/2011,1735.83
10/17/2011,1739.24
10/18/2011,1746.94
10/19/2011,1747.18
10/20/2011,1749.45
10/21/2011,1752.07
10/24/2011,1745.3
10/25/2011,1745.15
10/26/2011,1743.57
10/27/2011,1740.08
10/28/2011,1739.74
10/31/2011,1752.61
11/1/2011,1758.18
11/2/2011,1755.52
11/3/2011,1753.37
11/4/2011,1753.75
11/7/2011,1758.16
11/8/2011,1765.47
11/9/2011,1765.72
11/10/2011,1778.68
11/11/2011,1778.78
11/14/2011,1774.21
11/15/2011,1781.39
11/16/2011,1777.54
11/17/2011,1779.32
11/18/2011,1780
11/21/2011,1786.48
11/22/2011,1790.2
11/23/2011,1794.33
11/24/2011,1794.23
11/25/2011,1790.76
11/28/2011,1792.33
11/29/2011,1791.88
11/30/2011,1792.29
12/1/2011,1786.79
12/2/2011,1783.76
12/5/2011,1775.48
12/6/2011,1782.21
12/7/2011,1780.79
12/8/2011,1793
12/9/2011,1793.14
12/12/2011,1793.58
12/13/2011,1803.22
12/14/2011,1807.66
12/15/2011,1807.26
12/16/2011,1803.34
12/19/2011,1816.43
12/20/2011,1813.62
12/21/2011,1809.83
12/22/2011,1803.41
12/28/2011,1818.24
12/29/2011,1817.39
1/3/2012,1802.57
1/4/2012,1805.19
1/5/2012,1815.63
1/6/2012,1819.76
1/9/2012,1817.33
1/10/2012,1816.38
1/11/2012,1808.85
1/12/2012,1808.45
1/13/2012,1812.26
1/16/2012,1812.13
1/17/2012,1813.91
1/18/2012,1808.03
1/19/2012,1800.76
1/20/2012,1789.47
1/23/2012,1784.84
1/24/2012,1794.67
1/25/2012,1782.36
1/26/2012,1778.39
1/27/2012,1774.89
1/30/2012,1785.51
1/31/2012,1784.4
2/1/2012,1785.27
2/2/2012,1775.57
2/3/2012,1776.02
2/6/2012,1774.91
2/7/2012,1777.99
2/8/2012,1770.58
2/9/2012,1766.74
2/10/2012,1772.39
2/13/2012,1775.8
2/14/2012,1779.98
2/15/2012,1765.77
2/16/2012,1767.73
2/17/2012,1765.85
2/20/2012,1765.63
2/21/2012,1766.51
2/22/2012,1769.08
2/23/2012,1769.18
2/24/2012,1765.86
2/27/2012,1766.82
2/28/2012,1769
2/29/2012,1775.18
3/1/2012,1778.63
3/2/2012,1776.09
3/5/2012,1784.77
3/6/2012,1785.05
3/7/2012,1789.04
3/8/2012,1785.94
3/9/2012,1781.03
3/12/2012,1788.51
3/13/2012,1790.56
3/14/2012,1790.44
3/15/2012,1781.38
3/16/2012,1774.96
3/19/2012,1778.97
3/20/2012,1785.22
3/21/2012,1786.88
3/22/2012,1790.6
3/23/2012,1793.84
3/26/2012,1804.51
3/27/2012,1797.75
3/28/2012,1793.92
3/29/2012,1793.09
3/30/2012,1795.81
4/2/2012,1804.03
4/3/2012,1809.75
4/4/2012,1821.74
4/5/2012,1822.62
4/10/2012,1822.74
4/11/2012,1831.06
4/12/2012,1830.34
4/13/2012,1837.2
4/16/2012,1841.68
4/17/2012,1846.36
4/18/2012,1853.59
4/19/2012,1861.7
4/20/2012,1869.94
4/23/2012,1869.39
4/24/2012,1864.23
4/25/2012,1867.56
4/26/2012,1866.44
4/27/2012,1866.38
4/30/2012,1866.41
5/1/2012,1866.33
5/2/2012,1886.06
5/3/2012,1892.27
5/4/2012,1891.31
5/8/2012,1887.61
5/9/2012,1886.8
5/10/2012,1888.9
5/11/2012,1901.02
5/14/2012,1898.47
5/15/2012,1912.35
5/16/2012,1922.78
5/17/2012,1900.11
5/18/2012,1910.15
5/21/2012,1908.7
5/22/2012,1910.99
5/23/2012,1921.77
5/24/2012,1930.52
5/25/2012,1930.75
5/28/2012,1930.72
5/29/2012,1928.42
5/30/2012,1932.64
5/31/2012,1936.6
6/1/2012,1933.63
6/6/2012,1939.45
6/7/2012,1943.14
6/8/2012,1957.87
6/11/2012,1948.28
6/12/2012,1957.46
6/13/2012,1957.46
6/14/2012,1960.15
6/15/2012,1951.95
6/18/2012,1950.67
6/19/2012,1949.73
6/20/2012,1944.45
6/21/2012,1950.27
6/22/2012,1947.58
6/25/2012,1948.57
6/26/2012,1958.53
6/27/2012,1952.08
6/28/2012,1945.71
6/29/2012,1943.38
7/2/2012,1941.75
7/3/2012,1935.03
7/4/2012,1935.16
7/5/2012,1941.33
7/6/2012,1949.87
7/9/2012,1957.77
7/10/2012,1963.31
7/11/2012,1967.17
7/12/2012,1975.46
7/13/2012,1986.3
7/16/2012,1989.22
7/17/2012,2001.92
7/18/2012,2013.46
7/19/2012,2006.9
7/20/2012,2008.39
7/23/2012,2015.41
7/24/2012,2017.76
7/25/2012,2035.32
7/26/2012,2039.28
7/27/2012,2037.51
7/30/2012,2035.68
7/31/2012,2027.85
8/1/2012,2029.33
8/2/2012,2035.85
8/3/2012,2049.36
8/6/2012,2032.01
8/7/2012,2027.1
8/8/2012,2023.77
8/9/2012,2016.34
8/10/2012,2009.7
8/13/2012,2015.89
8/14/2012,2025.33
8/15/2012,2032.76
8/16/2012,2027.63
8/17/2012,2021.12
8/20/2012,2017.66
8/21/2012,2015.68
8/22/2012,2013.94
8/23/2012,2013.78
8/24/2012,2022.13
8/28/2012,2027.23
8/29/2012,2027.02
8/30/2012,2037.53
8/31/2012,2043.63
9/3/2012,2043.46
9/4/2012,2049.64
9/5/2012,2055.66
9/6/2012,2056.17
9/7/2012,2028
9/10/2012,2030.87
9/11/2012,2025.9
9/12/2012,2016.91
9/13/2012,2011.53
9/14/2012,1993.05
9/17/2012,2003.33
9/18/2012,2004.68
9/19/2012,1994.9
9/20/2012,2013.76
9/21/2012,2011.97
9/24/2012,2022.83
9/25/2012,2028.79
9/26/2012,2037.73
9/27/2012,2037.3
9/28/2012,2042.09
10/1/2012,2043.37
10/2/2012,2041.03
10/3/2012,2051.88
10/4/2012,2042.78
10/5/2012,2044.12
10/8/2012,2044.06
10/9/2012,2045.08
10/10/2012,2049.92
10/11/2012,2040.98
10/12/2012,2037.49
10/15/2012,2039.22
10/16/2012,2035.56
10/17/2012,2023.29
10/18/2012,2011.41
10/19/2012,2009.59
10/22/2012,2011.42
10/23/2012,2021.32
10/24/2012,2034.62
10/25/2012,2037.68
10/26/2012,2046.9
10/29/2012,2049.26
10/30/2012,2046.39
10/31/2012,2044.63
11/1/2012,2049.18
11/2/2012,2052.23
11/5/2012,2059.85
11/6/2012,2065.39
11/7/2012,2058.86
11/8/2012,2061
11/9/2012,2058.86
11/12/2012,2058.72
11/13/2012,2073.8
11/14/2012,2066.99
11/15/2012,2057.6
11/16/2012,2048.99
11/19/2012,2041.44
11/20/2012,2051.89
11/21/2012,2046.43
11/22/2012,2046.29
11/23/2012,2031.81
11/26/2012,2021.1
11/27/2012,2031.36
11/28/2012,2047.92
11/29/2012,2040.02
11/30/2012,2032.43
12/3/2012,2036.19
12/4/2012,2031.09
12/5/2012,2025.93
12/6/2012,2015.98
12/7/2012,2011.27
12/10/2012,2011.83
12/11/2012,2016.54
12/12/2012,2006.88
12/13/2012,1992.56
12/14/2012,1983.81
12/17/2012,1972.02
12/18/2012,1979.49
12/19/2012,1959.65
12/20/2012,1958.99
12/21/2012,1951.83
12/27/2012,1935.64
12/28/2012,1932.76
1/2/2013,1967.76
1/3/2013,1964.05
1/4/2013,1953.3
1/7/2013,1952.61
1/8/2013,1960.92
1/9/2013,1967.62
1/10/2013,1962.06
1/11/2013,1959.79
1/14/2013,1956.87
1/15/2013,1950.07
1/16/2013,1969.54
1/17/2013,1981.61
1/18/2013,1962.35
1/21/2013,1962.23
1/22/2013,1966.83
1/23/2013,1983.79
1/24/2013,1994.09
1/25/2013,1993.78
1/28/2013,1990.79
1/29/2013,1991.28
1/30/2013,1984.81
1/31/2013,1980.29
2/1/2013,1995.27
2/4/2013,1984.41
2/5/2013,2013.54
2/6/2013,1984.67
2/7/2013,1988.32
2/8/2013,1994.64
2/11/2013,1996.68
2/12/2013,1987.4
2/13/2013,2003.89
2/14/2013,1998.35
2/15/2013,2011.31
2/18/2013,2011.18
2/19/2013,2006.83
2/20/2013,1986.63
2/21/2013,1987.8
2/22/2013,1996.48
2/25/2013,1964.27
2/26/2013,1976.87
2/27/2013,1986.79
2/28/2013,1975.41
3/1/2013,1985.17
3/4/2013,2001.22
3/5/2013,2008.26
3/6/2013,1997.07
3/7/2013,2002.66
3/8/2013,2004.52
3/11/2013,1994.72
3/12/2013,1997.45
3/13/2013,2004.65
3/14/2013,2003.74
3/15/2013,1979
3/18/2013,1995.05
3/19/2013,1993.75
3/20/2013,2004.69
3/21/2013,1985.72
3/22/2013,1999.04
3/25/2013,1987.15
3/26/2013,1996.8
3/27/2013,1986.16
3/28/2013,2005.89
4/2/2013,2028.97
4/3/2013,2013.33
4/4/2013,2035.63
4/5/2013,2025.09
4/8/2013,2020.4
4/9/2013,2010.78
4/10/2013,2002.95
4/11/2013,1991.81
4/12/2013,1975.18
4/15/2013,1966.05
4/16/2013,1980.05
4/17/2013,1970.67
4/18/2013,1988.33
4/19/2013,1988.4
4/22/2013,1975.17
4/23/2013,1978.36
4/24/2013,1965.47
4/25/2013,1959.26
4/26/2013,1963.8
4/29/2013,1967.1
4/30/2013,1961.61
5/1/2013,1966.19
5/2/2013,1977.88
5/3/2013,1991.42
5/7/2013,1979.08
5/8/2013,1967.27
5/9/2013,1969.66
5/10/2013,1969.31
5/13/2013,1965.44
5/14/2013,1968.08
5/15/2013,1963.32
5/16/2013,1957.7
5/17/2013,1968.23
5/20/2013,1945.43
5/21/2013,1945.66
5/22/2013,1943.26
5/23/2013,1972.04
5/24/2013,1962.85
5/28/2013,1988.26
5/29/2013,1961.91
5/30/2013,1982.86
5/31/2013,1979.44
6/3/2013,1989.73
6/4/2013,1983.48
6/5/2013,1994.19
6/6/2013,2009.71
6/7/2013,2018.17
6/10/2013,2002.36
6/11/2013,2000.29
6/12/2013,1993.43
6/13/2013,2020.54
6/14/2013,2012.67
6/17/2013,2002.44
6/18/2013,2007.41
6/19/2013,1988.17
6/20/2013,2000.21
6/21/2013,1988.51
6/24/2013,1981.42
6/25/2013,1995.14
6/26/2013,2001.3
6/27/2013,1996.19
6/28/2013,1987.15
7/1/2013,1986.26
7/2/2013,1976.64
7/3/2013,1972.31
7/4/2013,1980.49
7/5/2013,1972.41
7/8/2013,1988.56
7/9/2013,1976.79
7/10/2013,1974.75
7/11/2013,1972
7/12/2013,1964.42
7/15/2013,1970.18
7/16/2013,1959.35
7/17/2013,1961.65
7/18/2013,1962.02
7/19/2013,1970.84
7/22/2013,1964.4
7/23/2013,1957.37
7/24/2013,1959.74
7/25/2013,1966.9
7/26/2013,1974.24
7/29/2013,1995.73
7/30/2013,1983.32
7/31/2013,1997.84
8/1/2013,1987.03
8/2/2013,1971.72
8/5/2013,1974.7
8/6/2013,1965.42
8/7/2013,1975.29
8/8/2013,1983.28
8/9/2013,1981.98
8/12/2013,1980.57
8/13/2013,1982.12
8/14/2013,1974.47
8/15/2013,1971.7
8/16/2013,1976.3
8/19/2013,1977.9
8/20/2013,1986
8/21/2013,1984.39
8/22/2013,1989.55
8/23/2013,1976.29
8/27/2013,1967.13
8/28/2013,1978.99
8/29/2013,1977.73
8/30/2013,1977.19
9/2/2013,1984.09
9/3/2013,1968.87
9/4/2013,1966.88
9/5/2013,1968.07
9/6/2013,1966.83
9/9/2013,1961.6
9/10/2013,1964.03
9/11/2013,1962.49
9/12/2013,1960.62
9/13/2013,1965.62
9/16/2013,1974.74
9/17/2013,1976.34
9/18/2013,1968.84
9/19/2013,1967.04
9/20/2013,1962.98
9/23/2013,1954.82
9/24/2013,1953.98
9/25/2013,1955.4
9/26/2013,1948.04
9/27/2013,1950.71
9/30/2013,1963.7
10/1/2013,1964.93
10/2/2013,1965.39
10/3/2013,1963.65
10/4/2013,1965.16
10/7/2013,1972.91
10/8/2013,1971.26
10/9/2013,1958.04
10/10/2013,1967.32
10/11/2013,1956.34
10/14/2013,1960.66
10/15/2013,1957.04
10/16/2013,1964.9
10/17/2013,1955.85
10/18/2013,1962.5
10/21/2013,1965.63
10/22/2013,1968.2
10/23/2013,1978.88
10/24/2013,1970.93
10/25/2013,1986.55
10/28/2013,1981.65
10/29/2013,1988.61
10/30/2013,1982.41
10/31/2013,1989.59
11/1/2013,1998.53
11/4/2013,1999.91
11/5/2013,2001.03
11/6/2013,2000.78
11/7/2013,2004.56
11/8/2013,2013.47
11/11/2013,2012.29
11/12/2013,2002.81
11/13/2013,2000.71
11/14/2013,2002.92
11/15/2013,1991.01
11/18/2013,1996.31
11/19/2013,1997.56
11/20/2013,1994.82
11/21/2013,1990.83
11/22/2013,1991.65
11/25/2013,1984.53
11/26/2013,1986.29
11/27/2013,1997.39
11/28/2013,1992.18
11/29/2013,1993.33
12/2/2013,2000.62
12/3/2013,1991.62
12/4/2013,1992.41
12/5/2013,1995.89
12/6/2013,1998.46
12/9/2013,1986.45
12/10/2013,1981.54
12/11/2013,1982.58
12/12/2013,1984.32
12/13/2013,1982.6
12/16/2013,1994.69
12/17/2013,1983.31
12/18/2013,1981.33
12/19/2013,1983.02
12/20/2013,1984.71
12/23/2013,1984.95
12/24/2013,1988.75
12/27/2013,1984.71
12/30/2013,1980.46
12/31/2013,1980.2
1/2/2014,1971.83
1/3/2014,1974.44
1/6/2014,1979.42
1/7/2014,1986.85
1/8/2014,1971.35
1/9/2014,1975.23
1/10/2014,1974.2
1/13/2014,1958.45
1/14/2014,1974.46
1/15/2014,1964.5
1/16/2014,1953.64
1/17/2014,1955.1
1/20/2014,1955.35
1/21/2014,1959.37
1/22/2014,1957.61
1/23/2014,1951.45
1/24/2014,1942.37
1/27/2014,1950.35
1/28/2014,1951.53
1/29/2014,1929.98
1/30/2014,1943.34
1/31/2014,1940.62
2/3/2014,1939.32
2/4/2014,1955.14
2/5/2014,1948.21
2/6/2014,1964.34
2/7/2014,1953.91
2/10/2014,1943.4
2/11/2014,1954.65
2/12/2014,1946.57
2/13/2014,1949.33
2/14/2014,1958.83
2/17/2014,1953.73
2/18/2014,1933.51
2/19/2014,1933.52
2/20/2014,1941.62
2/21/2014,1932.45
2/24/2014,1935.16
2/25/2014,1934.3
2/26/2014,1938.74
2/27/2014,1938.25
2/28/2014,1952.76
3/3/2014,1949.92
3/4/2014,1958.07
3/5/2014,1952.93
3/6/2014,1952.54
3/7/2014,1951.42
3/10/2014,1957.78
3/11/2014,1956.74
3/12/2014,1963.32
3/13/2014,1953.65
3/14/2014,1965.02
3/17/2014,1974.55
3/18/2014,1967.5
3/19/2014,1970.35
3/20/2014,1979.03
3/21/2014,1980.58
3/24/2014,1972.65
3/25/2014,1982.36
3/26/2014,1985.61
3/27/2014,1969.87
3/28/2014,1978.47
3/31/2014,1975.57
4/1/2014,1981.43
4/2/2014,1979.46
4/3/2014,1981.52
4/4/2014,1979.3
4/7/2014,1976.46
4/8/2014,1977.15
4/9/2014,1991.24
4/10/2014,1991.27
4/11/2014,1990.13
4/14/2014,1992.42
4/15/2014,1987.68
4/16/2014,1980.89
4/17/2014,1985.54
4/22/2014,1991.09
4/23/2014,1982.24
4/24/2014,1990.79
4/25/2014,1985.97
4/28/2014,1998.47
4/29/2014,1993.15
4/30/2014,1992.61
5/1/2014,1975.91
5/2/2014,1976.44
5/6/2014,1973.01
5/7/2014,1990.52
5/8/2014,1984.9
5/9/2014,1985.07
5/12/2014,1986.27
5/13/2014,1976.22
5/14/2014,1970.11
5/15/2014,1965.27
5/16/2014,1973.06
5/19/2014,1976.86
5/20/2014,1976.66
5/21/2014,1976.27
5/22/2014,1966.58
5/23/2014,1961.23
5/27/2014,1959.63
5/28/2014,1953.89
5/29/2014,1954.84
5/30/2014,1961.85
6/2/2014,1956.01
6/3/2014,1951.87
6/4/2014,1951.77
6/5/2014,1951.63
6/6/2014,1955.32
6/9/2014,1954.74
6/10/2014,1952.17
6/11/2014,1939
6/12/2014,1945.87
6/13/2014,1940.51
6/16/2014,1942.58
6/17/2014,1946.06
6/18/2014,1942.44
6/19/2014,1937.18
6/20/2014,1936.7
6/23/2014,1929.23
6/24/2014,1929.52
6/25/2014,1924.74
6/26/2014,1920.39
6/27/2014,1926.39
6/30/2014,1921.31
7/1/2014,1916.78
7/2/2014,1920.36
7/3/2014,1927
7/4/2014,1920.29
7/7/2014,1922.17
7/8/2014,1918.78
7/9/2014,1915.4
7/10/2014,1910.34
7/11/2014,1912.18
7/14/2014,1911.73
7/15/2014,1909.35
7/16/2014,1912.15
7/17/2014,1909.86
7/18/2014,1912.54
7/21/2014,1909.28
7/22/2014,1915.7
7/23/2014,1912.96
7/24/2014,1913.8
7/25/2014,1906.79
7/28/2014,1907.33
7/29/2014,1905.26
7/30/2014,1898.31
7/31/2014,1896.18
8/1/2014,1897.5
8/4/2014,1897.81
8/5/2014,1903.97
8/6/2014,1904.25
8/7/2014,1897.46
8/8/2014,1902.36
8/11/2014,1903.02
8/12/2014,1903.7
8/13/2014,1905.77
8/14/2014,1903.11
8/15/2014,1899.99
8/18/2014,1902.11
8/19/2014,1903.43
8/20/2014,1903.04
8/21/2014,1902.72
8/22/2014,1900.01
8/26/2014,1903.77
8/27/2014,1901.74
8/28/2014,1897.42
8/29/2014,1895.32
9/1/2014,1896.01
9/2/2014,1893.55
9/3/2014,1896.16
9/4/2014,1893.26
9/5/2014,1888.04
9/8/2014,1886.68
9/9/2014,1891.85
9/10/2014,1888.31
9/11/2014,1888.24
9/12/2014,1893.41
9/15/2014,1896.43
9/16/2014,1891.25
9/17/2014,1896.71
9/18/2014,1904.93
9/19/2014,1903.33
9/22/2014,1913.34
9/23/2014,1903.7
9/24/2014,1903.88
9/25/2014,1893.57
9/26/2014,1894.89
9/29/2014,1893.08
9/30/2014,1899.1
10/1/2014,1896.33
10/2/2014,1894.42
10/3/2014,1899.02
10/6/2014,1894.48
10/7/2014,1896.29
10/8/2014,1898.13
10/9/2014,1910.54
10/10/2014,1910.71
10/13/2014,1912.86
10/14/2014,1923.83
10/15/2014,1909.01
10/16/2014,1915.95
10/17/2014,1929.67
10/20/2014,1913.09
10/21/2014,1923.33
10/22/2014,1922.52
10/23/2014,1925.24
10/24/2014,1920.91
10/27/2014,1920.18
10/28/2014,1916.69
10/29/2014,1921.52
10/30/2014,1927.56
10/31/2014,1929.64
11/3/2014,1931.26
11/4/2014,1925.46
11/5/2014,1932.39
11/6/2014,1930.11
11/7/2014,1920.04
11/10/2014,1929.54
11/11/2014,1926.73
11/12/2014,1915.19
11/13/2014,1919.38
11/14/2014,1912.54
11/17/2014,1922.91
11/18/2014,1915.04
11/19/2014,1918.61
11/20/2014,1917.03
11/21/2014,1915.55
11/24/2014,1923.97
11/25/2014,1919.07
11/26/2014,1920.32
11/27/2014,1933.32
11/28/2014,1937.46
12/1/2014,1936.43
12/2/2014,1938.31
12/3/2014,1935.69
12/4/2014,1938.99
12/5/2014,1946.14
12/8/2014,1950.15
12/9/2014,1934.18
12/10/2014,1951.41
12/11/2014,1962.67
12/12/2014,1948.52
12/15/2014,1946.4
12/16/2014,1958.75
12/17/2014,1940.7
12/18/2014,1944.73
12/19/2014,1937.26
12/22/2014,1946.19
12/23/2014,1945.89
12/24/2014,1942.12
12/29/2014,1938.7
12/30/2014,1934.31
12/31/2014,1931.59
1/1/2015,1931.56
1/2/2015,1923.68
1/5/2015,1918.85
1/6/2015,1926.57
1/7/2015,1929.41
1/8/2015,1929.73
1/9/2015,1928.4
1/12/2015,1927.41
1/13/2015,1930.46
1/14/2015,1930.51
1/15/2015,1934.84
1/16/2015,1938.21
1/19/2015,1938.97
1/20/2015,1936.71
1/21/2015,1935.59
1/22/2015,1931.84
1/23/2015,1925.19
1/26/2015,1929.69
1/27/2015,1918.87
1/28/2015,1920.53
1/29/2015,1926.65
1/30/2015,1914.46
2/2/2015,1912.33
2/3/2015,1915.04
2/4/2015,1909.56
2/5/2015,1908.22
2/6/2015,1910
2/9/2015,1896.68
2/10/2015,1900.92
2/11/2015,1908.27
2/12/2015,1892.56
2/13/2015,1888.99
2/16/2015,1884.53
2/17/2015,1887.92
2/18/2015,1885.19
2/19/2015,1885.53
2/20/2015,1883.6
2/23/2015,1888.18
2/24/2015,1886.83
2/25/2015,1874.78
2/26/2015,1868.96
2/27/2015,1867.67
3/2/2015,1870.91
3/3/2015,1861.85
3/4/2015,1865.33
3/5/2015,1861.29
3/6/2015,1859.1
3/9/2015,1866.86
3/10/2015,1856.18
3/11/2015,1850.93
3/12/2015,1850.43
3/13/2015,1845.24
3/16/2015,1857.42
3/17/2015,1850.53
3/18/2015,1850.96
3/19/2015,1850.71
3/20/2015,1847.3
3/23/2015,1840.28
3/24/2015,1836.91
3/25/2015,1832.88
3/26/2015,1834.28
3/27/2015,1843.92
3/30/2015,1849.73
3/31/2015,1850.59
4/1/2015,1851.29
4/2/2015,1844.72
4/6/2015,1841.1
4/7/2015,1839.59
4/8/2015,1830.27
4/9/2015,1833.34
4/10/2015,1833.75
4/13/2015,1832.65
4/14/2015,1823.09
4/15/2015,1817.39
4/16/2015,1813.92
4/17/2015,1811.94
4/20/2015,1816.4
4/21/2015,1810.74
4/22/2015,1813.61
4/23/2015,1811.85
4/24/2015,1810.79
4/27/2015,1807.82
4/28/2015,1807.2
4/29/2015,1804.65
4/30/2015,1814.27
5/1/2015,1818.35
5/5/2015,1811.47
5/6/2015,1808.6
5/7/2015,1810.71
5/8/2015,1814.43
5/11/2015,1807.88
5/12/2015,1798.69
5/13/2015,1790.08
5/14/2015,1796.63
5/15/2015,1794.24
5/18/2015,1787.89
5/19/2015,1790.38
5/20/2015,1785.46
5/21/2015,1784
5/22/2015,1781.2
5/25/2015,1777.4
5/26/2015,1779.92
5/27/2015,1784.95
5/28/2015,1780.24
5/29/2015,1774.48
6/1/2015,1776.4
6/2/2015,1770
6/3/2015,1772.57
6/4/2015,1775.51
6/5/2015,1778.35
6/8/2015,1777.09
6/9/2015,1779.01
6/10/2015,1777.19
6/11/2015,1781.36
6/12/2015,1779.3
6/15/2015,1775.66
6/16/2015,1781.77
6/17/2015,1788.89
6/18/2015,1790.37
6/19/2015,1788.03
6/22/2015,1788.94
6/23/2015,1780.41
6/24/2015,1777.68
6/25/2015,1775.94
6/26/2015,1782.02
6/29/2015,1780.52
6/30/2015,1779.48
7/1/2015,1785.63
7/2/2015,1784.08
7/3/2015,1782.09
7/6/2015,1789.48
7/7/2015,1796.82
7/8/2015,1795.72
7/9/2015,1797.52
7/10/2015,1808.12
7/13/2015,1808.37
7/14/2015,1800.14
7/15/2015,1804.79
7/16/2015,1799.1
7/17/2015,1801.49
7/20/2015,1813.67
7/21/2015,1801.71
7/22/2015,1809.81
7/23/2015,1808.25
7/24/2015,1807.5
7/27/2015,1813.43
7/28/2015,1820.23
7/29/2015,1826.73
7/30/2015,1821.98
7/31/2015,1818.79
8/3/2015,1817.56
8/4/2015,1824.34
8/5/2015,1831.41
8/6/2015,1829.36
8/7/2015,1825.67
8/10/2015,1825.45
8/11/2015,1823.99
8/12/2015,1812.81
8/13/2015,1814.17
8/14/2015,1815.16
8/17/2015,1809.86
8/18/2015,1813.51
8/19/2015,1817.16
8/20/2015,1817.83
8/21/2015,1815.93
8/24/2015,1816.72
8/25/2015,1831.17
8/26/2015,1836.25
8/27/2015,1825.22
8/28/2015,1806.14
8/31/2015,1811.78
9/1/2015,1813.46
9/2/2015,1827.42
9/3/2015,1826.75
9/4/2015,1827.2
9/7/2015,1825.86
9/8/2015,1839.99
9/9/2015,1819.87
9/10/2015,1826.26
9/11/2015,1829.03
9/14/2015,1828.05
9/15/2015,1825.88
9/16/2015,1820.45
9/17/2015,1815.08
9/18/2015,1819.18
9/21/2015,1830.29
9/22/2015,1836.28
9/23/2015,1842.26
9/24/2015,1849.61
9/25/2015,1858.71
9/28/2015,1866.33
9/29/2015,1888.07
9/30/2015,1878.56
10/1/2015,1869
10/2/2015,1858.53
10/5/2015,1859.46
10/6/2015,1850.89
10/7/2015,1833.21
10/8/2015,1844.83
10/9/2015,1829.81
10/12/2015,1839.48
10/13/2015,1846.47
10/14/2015,1841.64
10/15/2015,1831.67
10/16/2015,1840.3
10/19/2015,1850.21
10/20/2015,1854.6
10/21/2015,1861.35
10/22/2015,1875.52
10/23/2015,1871.19
10/26/2015,1875.55
10/27/2015,1880.5
10/28/2015,1880.07
10/29/2015,1892.03
10/30/2015,1888.18
11/2/2015,1897.39
11/3/2015,1898.24
11/4/2015,1896.45
11/5/2015,1900.18
11/6/2015,1899.88
11/9/2015,1887.16
11/10/2015,1895.18
11/11/2015,1896.19
11/12/2015,1902.41
11/13/2015,1895.62
11/16/2015,1902.55
11/17/2015,1898.72
11/18/2015,1898.45
11/19/2015,1895.13
11/20/2015,1906.48
11/23/2015,1907.27
11/24/2015,1897.84
11/25/2015,1903.1
11/26/2015,1897.51
11/27/2015,1904.09
11/30/2015,1905.52
12/1/2015,1902.36
12/2/2015,1901.3
12/3/2015,1898.41
12/4/2015,1918
12/7/2015,1928.16
12/8/2015,1928.71
12/9/2015,1924.79
12/10/2015,1922.95
12/11/2015,1926.39
12/14/2015,1948.81
12/15/2015,1958.28
12/16/2015,1951.35
12/17/2015,1949.37
12/18/2015,1942.52
12/21/2015,1949.55
12/22/2015,1953.36
12/23/2015,1940.74
12/24/2015,1939.26
12/25/2015,1942.04
12/28/2015,1941.46
12/29/2015,1946.43
12/30/2015,1946.79
12/31/2015,1935.86
1/1/2016,1935.81
1/4/2016,1938.03
1/5/2016,1943.88
1/6/2016,1951.09
1/7/2016,1956.05
1/8/2016,1954.1
1/11/2016,1971.37
1/12/2016,2001.36
1/13/2016,1990.54
1/14/2016,1994.13
1/15/2016,1999.31
1/18/2016,2006.65
1/19/2016,2023.16
1/20/2016,2028.41
1/21/2016,2032.58
1/22/2016,2015.1
1/25/2016,2018.67
1/26/2016,2025.62
1/27/2016,2017.25
1/28/2016,2026.44
1/29/2016,2027.14
2/1/2016,2020.54
2/2/2016,2033.56
2/3/2016,2030.88
2/4/2016,2009.81
2/5/2016,2019.37
2/8/2016,2028.04
2/9/2016,2065.31
2/10/2016,2073.74
2/11/2016,2058.85
2/12/2016,2068.57
2/15/2016,2049.4
2/16/2016,2045.35
2/17/2016,2031.4
2/18/2016,2031.38
2/19/2016,2042.9
2/22/2016,2033.5
2/23/2016,2031.99
2/24/2016,2034.12
2/25/2016,2032.25
2/26/2016,2017.3
2/29/2016,2006.84
3/1/2016,2016.52
3/2/2016,1982.56
3/3/2016,1964.82
3/4/2016,1951.23
3/7/2016,1937.1
3/8/2016,1950.9
3/9/2016,1957.76
3/10/2016,1953.43
3/11/2016,1946.81
3/14/2016,1941.85
3/15/2016,1952.76
3/16/2016,1959.03
3/17/2016,1955.39
3/18/2016,1954.58
3/21/2016,1955.37
3/22/2016,1944.05
3/23/2016,1961.46
3/24/2016,1961.73
3/29/2016,1955.71
3/30/2016,1965.81
3/31/2016,1963.39
4/1/2016,1981.28
4/4/2016,1983.05
4/5/2016,1994.06
4/6/2016,1988.83
4/7/2016,1974.59
4/8/2016,1970.55
4/11/2016,1965.31
4/12/2016,1957.34
4/13/2016,1942.33
4/14/2016,1930.88
4/15/2016,1934.36
4/18/2016,1946.44
4/19/2016,1928.47
4/20/2016,1916.11
4/21/2016,1895.08
4/22/2016,1896.82
4/25/2016,1907.26
4/26/2016,1908.34
4/27/2016,1912.49
4/28/2016,1906.26
4/29/2016,1891.82
5/3/2016,1917.25
5/4/2016,1927.56
5/5/2016,1922.16
5/6/2016,1921.19
5/9/2016,1931.15
5/10/2016,1926.48
5/11/2016,1917.19
5/12/2016,1922.22
5/13/2016,1925.2
5/16/2016,1917.98
5/17/2016,1903.09
5/18/2016,1904.74
5/19/2016,1913.48
5/20/2016,1905.6
5/23/2016,1906.93
5/24/2016,1915.17
5/25/2016,1908.05
5/26/2016,1903.42
5/27/2016,1904.59
5/31/2016,1896.38
6/1/2016,1895.23
6/2/2016,1890.31
6/3/2016,1884.25
6/6/2016,1877.65
6/7/2016,1876.91
6/8/2016,1874.11
6/9/2016,1873.18
6/10/2016,1886.2
6/13/2016,1882.88
6/14/2016,1880.38
6/15/2016,1875.86
6/16/2016,1879.76
6/17/2016,1877.18
6/20/2016,1873.45
6/21/2016,1878.37
6/22/2016,1877.47
6/23/2016,1867.71
6/24/2016,1873.8
6/27/2016,1884.44
6/28/2016,1872
6/29/2016,1865.34
6/30/2016,1869.27
7/1/2016,1863.08
7/4/2016,1853.5
7/5/2016,1862.79
7/6/2016,1858.22
7/7/2016,1852.28
7/8/2016,1851.56
7/11/2016,1846.72
7/12/2016,1839.24
7/13/2016,1838.46
7/14/2016,1840.35
7/15/2016,1843.34
7/18/2016,1840.56
7/19/2016,1850.19
7/20/2016,1844.39
7/21/2016,1835.61
7/22/2016,1838.34
7/25/2016,1842.48
7/26/2016,1840.8
7/27/2016,1833.55
7/28/2016,1832.86
7/29/2016,1831.06
8/1/2016,1833.67
8/2/2016,1835.02
8/3/2016,1828.4
8/4/2016,1827.48
8/5/2016,1827.6
8/8/2016,1820.87
8/9/2016,1813.87
8/10/2016,1815.45
8/11/2016,1815.56
8/12/2016,1814
8/15/2016,1811.17
8/16/2016,1808.76
8/17/2016,1813.22
8/18/2016,1807.94
8/19/2016,1811.78
8/22/2016,1810.32
8/23/2016,1806.46
8/24/2016,1822.02
8/25/2016,1823.39
8/26/2016,1818.3
8/30/2016,1819.41
8/31/2016,1824.78
9/1/2016,1818.36
9/2/2016,1811.92
9/5/2016,1810.55
9/6/2016,1805.15
9/7/2016,1799.4
9/8/2016,1797.21
9/9/2016,1799.29
9/12/2016,1799.71
9/13/2016,1808.52
9/14/2016,1806.03
9/15/2016,1801.14
9/16/2016,1800.71
9/19/2016,1803.2
9/20/2016,1806.69
9/21/2016,1800.93
9/22/2016,1797.15
9/23/2016,1797.67
9/26/2016,1799.34
9/27/2016,1808.44
9/28/2016,1804.86
9/29/2016,1801.36
9/30/2016,1804.16
10/3/2016,1802.59
10/4/2016,1809.11
10/5/2016,1804.76
10/6/2016,1811.86
10/7/2016,1813.31
10/10/2016,1808.12
10/11/2016,1812.64
10/12/2016,1814.95
10/13/2016,1815.23
10/14/2016,1818.88
10/17/2016,1820.73
10/18/2016,1810.68
10/19/2016,1806.31
10/20/2016,1800.31
10/21/2016,1800.71
10/24/2016,1799.86
10/25/2016,1798.95
10/26/2016,1808.41
10/27/2016,1805.98
10/28/2016,1811.85
10/31/2016,1817.57
11/1/2016,1812.49
11/2/2016,1818.64
11/3/2016,1818.09
11/4/2016,1816.83
11/7/2016,1816.82
11/8/2016,1816.34
11/9/2016,1809.61
11/10/2016,1819.85
11/11/2016,1830.01
11/14/2016,1825.13
11/15/2016,1822.49
11/16/2016,1829.31
11/17/2016,1828.86
11/18/2016,1828.3
11/21/2016,1817.81
11/22/2016,1826.39
11/23/2016,1824.64
11/24/2016,1823.84
11/25/2016,1828.42
11/28/2016,1825.47
11/29/2016,1833.22
11/30/2016,1829.17
12/1/2016,1835.34
12/2/2016,1834.63
12/5/2016,1833.4
12/6/2016,1826.68
12/7/2016,1826.5
12/8/2016,1821.67
12/9/2016,1820.78
12/12/2016,1825.15
12/13/2016,1824.42
12/14/2016,1823.94
12/15/2016,1831.11
12/16/2016,1830.77
12/19/2016,1834.38
12/20/2016,1834.89
12/21/2016,1836.25
12/22/2016,1836.31
12/23/2016,1834.48
12/28/2016,1835.69
12/29/2016,1832.47
12/30/2016,1834.15
1/3/2017,1823.92
1/4/2017,1816.57
1/5/2017,1810.06
1/6/2017,1812.39
1/9/2017,1814.12
1/10/2017,1813.95
1/11/2017,1814.09
1/12/2017,1812.23
1/13/2017,1808.15
1/16/2017,1810.47
1/17/2017,1807.04
1/18/2017,1808.76
1/19/2017,1810.33
1/20/2017,1815.04
1/23/2017,1815.69
1/24/2017,1816.98
1/25/2017,1816.7
1/26/2017,1819.52
1/27/2017,1822.08
1/30/2017,1827.72
1/31/2017,1822.55
2/1/2017,1825.61
2/2/2017,1829.98
2/3/2017,1834.02
2/6/2017,1831.23
2/7/2017,1831.14
2/8/2017,1830.05
2/9/2017,1827.27
2/10/2017,1822.08
2/13/2017,1820.06
2/14/2017,1818.98
2/15/2017,1821.86
2/16/2017,1827.17
2/17/2017,1831.63
2/20/2017,1828.18
2/21/2017,1827.52
2/22/2017,1828.43
2/23/2017,1830.42
2/24/2017,1838.99
2/27/2017,1840.4
2/28/2017,1842.36
3/1/2017,1838.03
3/2/2017,1843.12
3/3/2017,1841.52
3/6/2017,1849.92
3/7/2017,1853.04
3/8/2017,1853.95
3/9/2017,1856.77
3/10/2017,1854.64
3/13/2017,1850.32
3/14/2017,1853.28
3/15/2017,1846.16
3/16/2017,1841.76
3/17/2017,1844.13
3/20/2017,1844.72
3/21/2017,1849.45
3/22/2017,1850.61
3/23/2017,1852.06
3/24/2017,1847.83
3/27/2017,1847.66
3/28/2017,1846.9
3/29/2017,1840.89
3/30/2017,1844.19
3/31/2017,1846
4/3/2017,1848.8
4/4/2017,1844.34
4/5/2017,1845.03
4/6/2017,1841.47
4/7/2017,1842.2
4/10/2017,1841.02
4/11/2017,1842.58
4/12/2017,1840.82
4/13/2017,1841.85
4/18/2017,1842.77
4/19/2017,1847.78
4/20/2017,1850.83
4/21/2017,1855.71
4/24/2017,1849.89
4/25/2017,1848.13
4/26/2017,1845.88
4/27/2017,1852.7
4/28/2017,1851.37
5/1/2017,1851.37
5/2/2017,1856.79
5/3/2017,1865.75
5/4/2017,1868.14
5/5/2017,1859.48
5/8/2017,1862.2
5/9/2017,1858.27
5/10/2017,1852.57
5/11/2017,1850.85
5/12/2017,1843.55
5/15/2017,1838.5
5/16/2017,1839.83
5/17/2017,1841.62
5/18/2017,1840.92
5/19/2017,1838.64
5/22/2017,1837.39
5/23/2017,1833.55
5/24/2017,1832.44
5/25/2017,1839.62
5/26/2017,1838.69
5/30/2017,1846.79
5/31/2017,1851.88
6/1/2017,1846.67
6/2/2017,1842.4
6/5/2017,1846.36
6/6/2017,1847.5
6/7/2017,1851.3
6/8/2017,1853.33
6/9/2017,1849
6/12/2017,1849.33
6/13/2017,1844.27
6/14/2017,1845.78
6/15/2017,1850.83
6/16/2017,1848.65
6/19/2017,1851.71
6/20/2017,1853.64
6/21/2017,1850.95
6/22/2017,1848.27
6/23/2017,1848.05
6/26/2017,1846.17
6/27/2017,1846.58
6/28/2017,1845.96
6/29/2017,1845.37
6/30/2017,1847.22
7/3/2017,1847.97
7/4/2017,1847.52
7/5/2017,1848.66
7/6/2017,1851.91
7/7/2017,1857.18
7/10/2017,1849.65
7/11/2017,1847.21
7/12/2017,1842.63
7/13/2017,1844.95
7/14/2017,1840.61
7/17/2017,1840.51
7/18/2017,1841.2
7/19/2017,1843.94
7/20/2017,1845.44
7/21/2017,1844.37
7/24/2017,1842.39
7/25/2017,1843.72
7/26/2017,1843.89
7/27/2017,1846.54
7/28/2017,1845.67
7/31/2017,1848.23
8/1/2017,1845.34
8/2/2017,1847.22
8/3/2017,1849.31
8/4/2017,1851.49
8/7/2017,1853.81
8/8/2017,1847.06
8/9/2017,1853.31
8/10/2017,1849.79
8/11/2017,1851.5
8/14/2017,1856.61
8/15/2017,1852.75
8/16/2017,1854.55
8/17/2017,1851.76
8/18/2017,1850.05
8/21/2017,1853.22
8/22/2017,1854.02
8/23/2017,1851.4
8/24/2017,1853.23
8/25/2017,1848.23
8/29/2017,1850.86
8/30/2017,1847.95
8/31/2017,1847.47
9/1/2017,1847.93
9/4/2017,1848.14
9/5/2017,1847.14
9/6/2017,1846.73
9/7/2017,1847.88
9/8/2017,1852.11
9/11/2017,1847.34
9/12/2017,1847.16
9/13/2017,1849.11
9/14/2017,1851.34
9/15/2017,1857.58
9/18/2017,1859.28
9/19/2017,1857.29
9/20/2017,1859.88
9/21/2017,1857.38
9/22/2017,1860.39
9/25/2017,1862.44
9/26/2017,1864.15
9/27/2017,1864.7
9/28/2017,1867.59
9/29/2017,1868.19
10/2/2017,1867.82
10/3/2017,1863.03
10/4/2017,1854.99
10/5/2017,1852.38
10/6/2017,1853.06
10/9/2017,1854.19
10/10/2017,1856.86
10/11/2017,1854.72
10/12/2017,1855.51
10/13/2017,1853.56
10/16/2017,1849.82
10/17/2017,1850.18
10/18/2017,1854.88
10/19/2017,1855.57
10/20/2017,1858.97
10/23/2017,1861.63
10/24/2017,1859.31
10/25/2017,1855.74
10/26/2017,1859.61
10/27/2017,1851.64
10/30/2017,1847.11
10/31/2017,1844.53
11/1/2017,1847.25
11/2/2017,1851.81
11/3/2017,1847.85
11/6/2017,1846.45
11/7/2017,1850.35
11/8/2017,1846.33
11/9/2017,1840.45
11/10/2017,1843.3
11/13/2017,1846.53
11/14/2017,1848.26
11/15/2017,1847.83
11/16/2017,1846.19
11/17/2017,1846.6
11/20/2017,1848.17
11/21/2017,1841.87
11/22/2017,1838.85
11/23/2017,1835.79
11/24/2017,1835.19
11/27/2017,1833.21
11/28/2017,1834.68
11/29/2017,1834.28
11/30/2017,1833.67
12/1/2017,1834.08
12/4/2017,1837.37
12/5/2017,1839.55
12/6/2017,1840.23
12/7/2017,1839.89
12/8/2017,1841.25
12/11/2017,1830.88
12/12/2017,1829.26
12/13/2017,1831.05
12/14/2017,1834.19
12/15/2017,1837.93
12/18/2017,1838.74
12/19/2017,1843.34
12/20/2017,1846.18
12/21/2017,1846.24
12/22/2017,1843.35
12/27/2017,1842.54
12/28/2017,1841.25
12/29/2017,1840.11
1/2/2018,1835.48
1/3/2018,1835.34
1/4/2018,1831.86
1/5/2018,1836.55
1/8/2018,1835.05
1/9/2018,1832.94
1/10/2018,1828.23
1/11/2018,1823.82
1/12/2018,1826.02
1/15/2018,1826.39
1/16/2018,1826.49
1/17/2018,1836.34
1/18/2018,1837.9
1/19/2018,1842.41
1/22/2018,1837.84
1/23/2018,1834.15
1/24/2018,1829.55
1/25/2018,1830.33
1/26/2018,1830.59
1/29/2018,1833.69
1/30/2018,1830.03
1/31/2018,1829.7
2/1/2018,1828.53
2/2/2018,1820.6
2/5/2018,1815.2
2/6/2018,1822.27
2/7/2018,1821.78
2/8/2018,1814.17
2/9/2018,1817.37
2/12/2018,1818.18
2/13/2018,1822.18
2/14/2018,1822.76
2/15/2018,1816.72
2/16/2018,1816.48
2/19/2018,1816.82
2/20/2018,1817.08
2/21/2018,1816.58
2/22/2018,1820.63
2/23/2018,1823.53
2/26/2018,1824.94
2/27/2018,1829.15
2/28/2018,1826.06
3/1/2018,1821.84
3/2/2018,1822.41
3/5/2018,1816.84
3/6/2018,1821.31
3/7/2018,1817.6
3/8/2018,1817.89
3/9/2018,1816.72
3/12/2018,1811.51
3/13/2018,1816.3
3/14/2018,1819.03
3/15/2018,1823.1
3/16/2018,1821.24
3/19/2018,1828.35
3/20/2018,1834.04
3/21/2018,1834.42
3/22/2018,1837.06
3/23/2018,1840.7
3/26/2018,1838.89
3/27/2018,1838.27
3/28/2018,1839.68
3/29/2018,1837.33
4/3/2018,1840.49
4/4/2018,1837.72
4/5/2018,1835.41
4/6/2018,1841.46
4/9/2018,1844.2
4/10/2018,1843.09
4/11/2018,1842.39
4/12/2018,1839.4
4/13/2018,1838.15
4/16/2018,1833.69
4/17/2018,1830.81
4/18/2018,1829.94
4/19/2018,1828.04
4/20/2018,1820.17
4/23/2018,1821.05
4/24/2018,1823.84
4/25/2018,1819.13
4/26/2018,1830.85
4/27/2018,1834.71
4/30/2018,1829.81
5/1/2018,1827.19
5/2/2018,1831.41
5/3/2018,1833.52
5/4/2018,1830.37
5/8/2018,1831.31
5/9/2018,1832.17
5/10/2018,1833.96
5/11/2018,1842.88
5/14/2018,1844.53
5/15/2018,1840.9
5/16/2018,1835.21
5/17/2018,1838.85
5/18/2018,1839.62
5/21/2018,1841.98
5/22/2018,1842.6
5/23/2018,1842.67
5/24/2018,1847.34
5/25/2018,1843.59
5/29/2018,1842.48
5/30/2018,1843.53
5/31/2018,1850.32
6/1/2018,1856.09
6/4/2018,1860.19
6/5/2018,1859.65
6/6/2018,1860.43
6/7/2018,1853.07
6/8/2018,1850.03
6/11/2018,1851.91
6/12/2018,1844.24
6/13/2018,1840.23
6/14/2018,1838.09
6/15/2018,1838.72
6/18/2018,1836.32
6/19/2018,1828.95
6/20/2018,1826.96
6/21/2018,1831.37
6/22/2018,1821.91
6/25/2018,1824.92
6/26/2018,1823.71
6/27/2018,1830.63
6/28/2018,1829.34
6/29/2018,1833.73
7/2/2018,1836.34
7/3/2018,1838.83
7/4/2018,1837.56
7/5/2018,1838.57
7/6/2018,1833.05
7/9/2018,1832.96
7/10/2018,1838.86
7/11/2018,1842.12
7/12/2018,1847.15
7/13/2018,1843.45
7/16/2018,1850.59
7/17/2018,1853.2
7/18/2018,1854.42
7/19/2018,1849.1
7/20/2018,1852.9
7/23/2018,1851.66
7/24/2018,1852.74
7/25/2018,1854.95
7/26/2018,1855.91
7/27/2018,1849.01
7/30/2018,1843.94
7/31/2018,1851.47
8/1/2018,1848.91
8/2/2018,1846.12
8/3/2018,1845.17
8/6/2018,1844.74
8/7/2018,1841.76
8/8/2018,1841.24
8/9/2018,1842.4
8/10/2018,1839.61
8/13/2018,1848.97
8/14/2018,1846.2
8/15/2018,1846.74
8/16/2018,1848.9
8/17/2018,1844.32
8/20/2018,1848.36
8/21/2018,1847.64
8/22/2018,1848.49
8/23/2018,1855.6
8/24/2018,1853.55
8/28/2018,1846.87
8/29/2018,1846.3
8/30/2018,1849.25
8/31/2018,1848.23
9/3/2018,1850.21
9/4/2018,1848.65
9/5/2018,1847.67
9/6/2018,1852.39
9/7/2018,1849.31
9/10/2018,1847.83
9/11/2018,1843.13
9/12/2018,1843.49
9/13/2018,1840.12
9/14/2018,1842.14
9/17/2018,1843.57
9/18/2018,1833.74
9/19/2018,1827.24
9/20/2018,1830.31
9/21/2018,1834.87
9/24/2018,1837.13
9/25/2018,1846.48
9/26/2018,1845.13
9/27/2018,1846.3
9/28/2018,1846.9
10/1/2018,1844.11
10/2/2018,1840.2
10/3/2018,1845.2
10/4/2018,1840.48
10/5/2018,1844.18
10/8/2018,1837.52
10/9/2018,1845.64
10/10/2018,1833.28
10/11/2018,1831.58
10/12/2018,1831.01
10/15/2018,1827.92
10/16/2018,1827.85
10/17/2018,1824.21
10/18/2018,1827.15
10/19/2018,1826.71
10/22/2018,1834.29
10/23/2018,1832.67
10/24/2018,1840.51
10/25/2018,1842.83
10/26/2018,1855.48
10/29/2018,1867.78
10/30/2018,1866.82
10/31/2018,1865.71
11/1/2018,1857.54
11/2/2018,1863.06
11/5/2018,1863.07
11/6/2018,1858.12
11/7/2018,1867.27
11/8/2018,1870.47
11/9/2018,1869.87
11/12/2018,1871.74
11/13/2018,1877.49
11/14/2018,1875.24
11/15/2018,1870.98
11/16/2018,1876.84
11/19/2018,1866.02
