Date,DBGLSQE
2/7/2000,1000
2/8/2000,1002.17
2/9/2000,999.5
2/10/2000,988.5
2/11/2000,988.5
2/14/2000,988.15
2/15/2000,997.38
2/16/2000,999.82
2/17/2000,1006.35
2/18/2000,1002.53
2/21/2000,1002.46
2/22/2000,1010.55
2/23/2000,1004.06
2/24/2000,994.34
2/25/2000,990.37
2/28/2000,990.17
2/29/2000,990.44
3/1/2000,979.11
3/2/2000,970.79
3/3/2000,974.79
3/6/2000,971.68
3/7/2000,968.16
3/8/2000,972.96
3/9/2000,971.9
3/10/2000,966.5
3/13/2000,967.1
3/14/2000,971.9
3/15/2000,1003.08
3/16/2000,1009.09
3/17/2000,1000.16
3/20/2000,1005.79
3/21/2000,1012.41
3/22/2000,1015.48
3/23/2000,1020.03
3/24/2000,1012.53
3/27/2000,1006.45
3/28/2000,1005.92
3/29/2000,1004.08
3/30/2000,1015.18
3/31/2000,1014.8
4/3/2000,1024.66
4/4/2000,1023.95
4/5/2000,1023.94
4/6/2000,1018.59
4/7/2000,1017.98
4/10/2000,1018.47
4/11/2000,1025.77
4/12/2000,1023.02
4/13/2000,1021.23
4/14/2000,1011.81
4/17/2000,1024.83
4/18/2000,1019.12
4/19/2000,1017.22
4/20/2000,1028.72
4/21/2000,1028.7
4/24/2000,1028.63
4/25/2000,1034.68
4/26/2000,1035.6
4/27/2000,1035.46
4/28/2000,1029.14
5/1/2000,1030.8
5/2/2000,1024.22
5/3/2000,1036
5/4/2000,1035.92
5/5/2000,1034.35
5/8/2000,1027.45
5/9/2000,1028.12
5/10/2000,1029.25
5/11/2000,1031.5
5/12/2000,1026.12
5/15/2000,1025.63
5/16/2000,1028.54
5/17/2000,1025.8
5/18/2000,1022.61
5/19/2000,1023.29
5/22/2000,1024.11
5/23/2000,1023.39
5/24/2000,1028.92
5/25/2000,1028.07
5/26/2000,1018.97
5/29/2000,1018.9
5/30/2000,1016.31
5/31/2000,1013.23
6/1/2000,1013.2
6/2/2000,1015.15
6/5/2000,1007.9
6/6/2000,1003.29
6/7/2000,1005.39
6/8/2000,1003.36
6/9/2000,1002.73
6/12/2000,1002.66
6/13/2000,999.48
6/14/2000,999.77
6/15/2000,1005.67
6/16/2000,1007.16
6/19/2000,1003.21
6/20/2000,997.89
6/21/2000,997.89
6/22/2000,998.62
6/23/2000,999.12
6/26/2000,1006
6/27/2000,1008.65
6/28/2000,1011.5
6/29/2000,1016.69
6/30/2000,1011.85
7/3/2000,1007.63
7/4/2000,1007.61
7/5/2000,1013.58
7/6/2000,1012.99
7/7/2000,1017.23
7/10/2000,1018.44
7/11/2000,1025.89
7/12/2000,1023.6
7/13/2000,1022.92
7/14/2000,1018.32
7/17/2000,1020.59
7/18/2000,1023.24
7/19/2000,1026.63
7/20/2000,1021.88
7/21/2000,1025.66
7/24/2000,1031.95
7/25/2000,1032.32
7/26/2000,1035.2
7/27/2000,1039.2
7/28/2000,1043.14
7/31/2000,1043.47
8/1/2000,1043.06
8/2/2000,1046.92
8/3/2000,1048.26
8/4/2000,1039.18
8/7/2000,1034.54
8/8/2000,1035.17
8/9/2000,1029.15
8/10/2000,1037.21
8/11/2000,1038.22
8/14/2000,1041.87
8/15/2000,1040.06
8/16/2000,1035.9
8/17/2000,1039.24
8/18/2000,1036.4
8/21/2000,1039.31
8/22/2000,1036.47
8/23/2000,1034.83
8/24/2000,1031.38
8/25/2000,1027.47
8/28/2000,1027.81
8/29/2000,1028.7
8/30/2000,1026.35
8/31/2000,1029.79
9/1/2000,1025.52
9/4/2000,1025.45
9/5/2000,1023.63
9/6/2000,1031.94
9/7/2000,1027.56
9/8/2000,1027.13
9/11/2000,1033.79
9/12/2000,1037.21
9/13/2000,1033.2
9/14/2000,1029.8
9/15/2000,1032.95
9/18/2000,1035.08
9/19/2000,1029.13
9/20/2000,1024.6
9/21/2000,1030.73
9/22/2000,1034.77
9/25/2000,1033.63
9/26/2000,1035.65
9/27/2000,1042.54
9/28/2000,1045.21
9/29/2000,1045.39
10/2/2000,1046.28
10/3/2000,1049.19
10/4/2000,1044.34
10/5/2000,1041.31
10/6/2000,1042.88
10/9/2000,1042.81
10/10/2000,1043.98
10/11/2000,1055.23
10/12/2000,1057.58
10/13/2000,1049.69
10/16/2000,1057.54
10/17/2000,1063.32
10/18/2000,1069.94
10/19/2000,1067.64
10/20/2000,1065.52
10/23/2000,1060.77
10/24/2000,1067.02
10/25/2000,1081.85
10/26/2000,1089.08
10/27/2000,1085.45
10/30/2000,1102.31
10/31/2000,1089.71
11/1/2000,1087.16
11/2/2000,1081.95
11/3/2000,1084.05
11/6/2000,1083.82
11/7/2000,1079.82
11/8/2000,1088.74
11/9/2000,1089.35
11/10/2000,1092.86
11/13/2000,1096.06
11/14/2000,1089.72
11/15/2000,1093.28
11/16/2000,1099.35
11/17/2000,1101.82
11/20/2000,1104.44
11/21/2000,1114.4
11/22/2000,1122.94
11/23/2000,1122.91
11/24/2000,1119.42
11/27/2000,1119.51
11/28/2000,1124.33
11/29/2000,1127.84
11/30/2000,1119.22
12/1/2000,1112.74
12/4/2000,1124.81
12/5/2000,1128.39
12/6/2000,1123.32
12/7/2000,1132.88
12/8/2000,1117.2
12/11/2000,1106.35
12/12/2000,1109.4
12/13/2000,1116.18
12/14/2000,1120.27
12/15/2000,1113.32
12/18/2000,1121.92
12/19/2000,1137.84
12/20/2000,1149.12
12/21/2000,1156.29
12/22/2000,1142.8
12/25/2000,1142.72
12/26/2000,1142.7
12/27/2000,1142.57
12/28/2000,1142.2
12/29/2000,1142.26
1/1/2001,1142.19
1/2/2001,1149.58
1/3/2001,1131.57
1/4/2001,1134.71
1/5/2001,1141.8
1/8/2001,1146.17
1/9/2001,1144.64
1/10/2001,1129.12
1/11/2001,1114.59
1/12/2001,1100.52
1/15/2001,1100.44
1/16/2001,1110.57
1/17/2001,1108.13
1/18/2001,1114.74
1/19/2001,1113.86
1/22/2001,1110.81
1/23/2001,1099.11
1/24/2001,1087.15
1/25/2001,1109.28
1/26/2001,1105.02
1/29/2001,1087.46
1/30/2001,1084.16
1/31/2001,1095.64
2/1/2001,1099.24
2/2/2001,1107.87
2/5/2001,1115.11
2/6/2001,1113.41
2/7/2001,1121.6
2/8/2001,1121.38
2/9/2001,1129.9
2/12/2001,1130.3
2/13/2001,1136.74
2/14/2001,1130.91
2/15/2001,1131.01
2/16/2001,1141.39
2/19/2001,1141.31
2/20/2001,1148.17
2/21/2001,1150.28
2/22/2001,1149.29
2/23/2001,1143.81
2/26/2001,1136.87
2/27/2001,1145.49
2/28/2001,1146.97
3/1/2001,1145.97
3/2/2001,1159.41
3/5/2001,1159.45
3/6/2001,1156.07
3/7/2001,1156.87
3/8/2001,1163.45
3/9/2001,1166.07
3/12/2001,1173.19
3/13/2001,1171.07
3/14/2001,1177.12
3/15/2001,1179.15
3/16/2001,1188.45
3/19/2001,1183.48
3/20/2001,1189.52
3/21/2001,1197.78
3/22/2001,1203.29
3/23/2001,1204.97
3/26/2001,1200.25
3/27/2001,1189.7
3/28/2001,1194.34
3/29/2001,1202.1
3/30/2001,1195.52
4/2/2001,1210.93
4/3/2001,1221.39
4/4/2001,1219.19
4/5/2001,1216.42
4/6/2001,1219.88
4/9/2001,1213.47
4/10/2001,1186.24
4/11/2001,1174.87
4/12/2001,1164.09
4/13/2001,1164.06
4/16/2001,1163.97
4/17/2001,1168.61
4/18/2001,1146.15
4/19/2001,1118.8
4/20/2001,1109.06
4/23/2001,1133.89
4/24/2001,1133.16
4/25/2001,1128.3
4/26/2001,1137.32
4/27/2001,1136.02
4/30/2001,1135.92
5/1/2001,1095.05
5/2/2001,1061.38
5/3/2001,1077.23
5/4/2001,1063.31
5/7/2001,1078.99
5/8/2001,1079.17
5/9/2001,1091.9
5/10/2001,1099.26
5/11/2001,1105.2
5/14/2001,1116
5/15/2001,1113.89
5/16/2001,1119.13
5/17/2001,1110.63
5/18/2001,1104.7
5/21/2001,1095.8
5/22/2001,1094.95
5/23/2001,1096.62
5/24/2001,1092.97
5/25/2001,1095.63
5/28/2001,1095.55
5/29/2001,1109.47
5/30/2001,1118.2
5/31/2001,1115.38
6/1/2001,1115.45
6/4/2001,1115.37
6/5/2001,1127.85
6/6/2001,1125.2
6/7/2001,1125.04
6/8/2001,1129.06
6/11/2001,1135.23
6/12/2001,1133.73
6/13/2001,1138.65
6/14/2001,1144.7
6/15/2001,1150.35
6/18/2001,1168.74
6/19/2001,1174.99
6/20/2001,1171.93
6/21/2001,1171.94
6/22/2001,1171.45
6/25/2001,1161.37
6/26/2001,1158.88
6/27/2001,1155.16
6/28/2001,1153.09
6/29/2001,1142.87
7/2/2001,1145.66
7/3/2001,1150.06
7/4/2001,1150.04
7/5/2001,1153.59
7/6/2001,1153.49
7/9/2001,1147.72
7/10/2001,1155.89
7/11/2001,1163.87
7/12/2001,1158.47
7/13/2001,1165.25
7/16/2001,1171.38
7/17/2001,1168.05
7/18/2001,1174.35
7/19/2001,1176.22
7/20/2001,1178.85
7/23/2001,1180.88
7/24/2001,1189.89
7/25/2001,1192.57
7/26/2001,1182.8
7/27/2001,1179.78
7/30/2001,1183.45
7/31/2001,1184.66
8/1/2001,1180.59
8/2/2001,1177.96
8/3/2001,1178.92
8/6/2001,1178.18
8/7/2001,1176.54
8/8/2001,1181.69
8/9/2001,1185.11
8/10/2001,1189.5
8/13/2001,1187.27
8/14/2001,1188.65
8/15/2001,1200.46
8/16/2001,1200.54
8/17/2001,1205.69
8/20/2001,1212.39
8/21/2001,1214.78
8/22/2001,1214.6
8/23/2001,1218.59
8/24/2001,1215.57
8/27/2001,1211.8
8/28/2001,1219.72
8/29/2001,1226.44
8/30/2001,1236.68
8/31/2001,1235.18
9/3/2001,1235.1
9/4/2001,1238.86
9/5/2001,1245.91
9/6/2001,1250.02
9/7/2001,1255.34
9/10/2001,1265.67
9/11/2001,1265.64
9/12/2001,1265.61
9/13/2001,1261.61
9/14/2001,1267.2
9/17/2001,1272.91
9/18/2001,1274.73
9/19/2001,1274.18
9/20/2001,1278.63
9/21/2001,1275.95
9/24/2001,1263.14
9/25/2001,1284.02
9/26/2001,1290.27
9/27/2001,1291.16
9/28/2001,1292.04
10/1/2001,1292.56
10/2/2001,1292.39
10/3/2001,1289.93
10/4/2001,1284.75
10/5/2001,1296.93
10/8/2001,1296.86
10/9/2001,1294.87
10/10/2001,1280.84
10/11/2001,1264.16
10/12/2001,1271.58
10/15/2001,1273.06
10/16/2001,1258.14
10/17/2001,1263.48
10/18/2001,1277.73
10/19/2001,1276
10/22/2001,1267.19
10/23/2001,1255.71
10/24/2001,1258.7
10/25/2001,1248.52
10/26/2001,1247.64
10/29/2001,1253.43
10/30/2001,1270.61
10/31/2001,1269.68
11/1/2001,1275.89
11/2/2001,1279.28
11/5/2001,1270.13
11/6/2001,1259.88
11/7/2001,1252.89
11/8/2001,1246.23
11/9/2001,1249.27
11/12/2001,1249.18
11/13/2001,1243.53
11/14/2001,1233.24
11/15/2001,1224.26
11/16/2001,1215.14
11/19/2001,1201.7
11/20/2001,1215.6
11/21/2001,1224.15
11/22/2001,1224.12
11/23/2001,1215.61
11/26/2001,1210.7
11/27/2001,1211.53
11/28/2001,1233.37
11/29/2001,1236.92
11/30/2001,1242.67
12/3/2001,1259.67
12/4/2001,1249.53
12/5/2001,1237.21
12/6/2001,1238.67
12/7/2001,1245.21
12/10/2001,1252.06
12/11/2001,1250.98
12/12/2001,1244.4
12/13/2001,1259.93
12/14/2001,1262.34
12/17/2001,1264.52
12/18/2001,1267.7
12/19/2001,1278.99
12/20/2001,1282.84
12/21/2001,1279.99
12/24/2001,1278.54
12/25/2001,1278.51
12/26/2001,1278.48
12/27/2001,1273.84
12/28/2001,1267.31
12/31/2001,1267.22
1/1/2002,1267.19
1/2/2002,1263.14
1/3/2002,1254.19
1/4/2002,1252.85
1/7/2002,1253.73
1/8/2002,1259.4
1/9/2002,1257.92
1/10/2002,1259.73
1/11/2002,1263.74
1/14/2002,1268.9
1/15/2002,1269.89
1/16/2002,1268.58
1/17/2002,1272.36
1/18/2002,1273.07
1/21/2002,1272.98
1/22/2002,1289.3
1/23/2002,1285.57
1/24/2002,1291.27
1/25/2002,1291.16
1/28/2002,1290.02
1/29/2002,1298.37
1/30/2002,1311.29
1/31/2002,1320.19
2/1/2002,1323.07
2/4/2002,1338.71
2/5/2002,1350.62
2/6/2002,1350.95
2/7/2002,1345.27
2/8/2002,1335.51
2/11/2002,1330.95
2/12/2002,1330.55
2/13/2002,1336.55
2/14/2002,1339.35
2/15/2002,1355.34
2/18/2002,1355.24
2/19/2002,1368.4
2/20/2002,1374.63
2/21/2002,1374.18
2/22/2002,1379.16
2/25/2002,1380.27
2/26/2002,1378.74
2/27/2002,1378.14
2/28/2002,1375.49
3/1/2002,1362.22
3/4/2002,1337.36
3/5/2002,1330.31
3/6/2002,1324.68
3/7/2002,1306.64
3/8/2002,1301.37
3/11/2002,1295.09
3/12/2002,1307.89
3/13/2002,1316.04
3/14/2002,1316.63
3/15/2002,1319.84
3/18/2002,1321.63
3/19/2002,1316.24
3/20/2002,1326.58
3/21/2002,1321.57
3/22/2002,1321.79
3/25/2002,1323.24
3/26/2002,1332.41
3/27/2002,1325.67
3/28/2002,1321.88
3/29/2002,1321.85
4/1/2002,1321.75
4/2/2002,1323.76
4/3/2002,1315.26
4/4/2002,1314.91
4/5/2002,1322.28
4/8/2002,1323.7
4/9/2002,1339.51
4/10/2002,1343.15
4/11/2002,1352.19
4/12/2002,1354.83
4/15/2002,1346.01
4/16/2002,1338.84
4/17/2002,1326.42
4/18/2002,1327.63
4/19/2002,1331.29
4/22/2002,1334.66
4/23/2002,1339.17
4/24/2002,1349.7
4/25/2002,1352.62
4/26/2002,1358.54
4/29/2002,1359.49
4/30/2002,1363.14
5/1/2002,1363.11
5/2/2002,1373.8
5/3/2002,1379.39
5/6/2002,1385.3
5/7/2002,1385.81
5/8/2002,1364.53
5/9/2002,1370.12
5/10/2002,1373.47
5/13/2002,1370.58
5/14/2002,1362.26
5/15/2002,1350.45
5/16/2002,1348.93
5/17/2002,1344.07
5/20/2002,1339.31
5/21/2002,1337.14
5/22/2002,1334.54
5/23/2002,1339.07
5/24/2002,1340.71
5/27/2002,1340.61
5/28/2002,1340.54
5/29/2002,1350.46
5/30/2002,1349.11
5/31/2002,1352.15
6/3/2002,1359.71
6/4/2002,1357.98
6/5/2002,1366.4
6/6/2002,1371.35
6/7/2002,1383.8
6/10/2002,1391.61
6/11/2002,1397.71
6/12/2002,1408.71
6/13/2002,1405.79
6/14/2002,1402.29
6/17/2002,1411.18
6/18/2002,1410.77
6/19/2002,1421.63
6/20/2002,1423.89
6/21/2002,1426.79
6/24/2002,1416.08
6/25/2002,1419.44
6/26/2002,1429.97
6/27/2002,1432.25
6/28/2002,1427.66
7/1/2002,1430.61
7/2/2002,1435.66
7/3/2002,1427.64
7/4/2002,1427.62
7/5/2002,1432.92
7/8/2002,1436.52
7/9/2002,1431.93
7/10/2002,1432.06
7/11/2002,1419.04
7/12/2002,1409.83
7/15/2002,1410.29
7/16/2002,1397.55
7/17/2002,1398.04
7/18/2002,1391.72
7/19/2002,1391.31
7/22/2002,1391.53
7/23/2002,1408.18
7/24/2002,1416.86
7/25/2002,1438.18
7/26/2002,1450.42
7/29/2002,1458.96
7/30/2002,1442.8
7/31/2002,1452.81
8/1/2002,1452.9
8/2/2002,1457.39
8/5/2002,1461.09
8/6/2002,1475.83
8/7/2002,1470.05
8/8/2002,1467.67
8/9/2002,1459.77
8/12/2002,1467.66
8/13/2002,1479.24
8/14/2002,1481.14
8/15/2002,1488.15
8/16/2002,1490.38
8/19/2002,1493.05
8/20/2002,1489.56
8/21/2002,1476.16
8/22/2002,1467.73
8/23/2002,1469.68
8/26/2002,1459.41
8/27/2002,1463
8/28/2002,1470.87
8/29/2002,1470.61
8/30/2002,1483.52
9/2/2002,1483.41
9/3/2002,1494.61
9/4/2002,1507.48
9/5/2002,1508.13
9/6/2002,1519.22
9/9/2002,1518.55
9/10/2002,1524.29
9/11/2002,1514.86
9/12/2002,1515.19
9/13/2002,1522.79
9/16/2002,1535.6
9/17/2002,1526.27
9/18/2002,1533.76
9/19/2002,1528.71
9/20/2002,1537.86
9/23/2002,1549.48
9/24/2002,1545.02
9/25/2002,1546.58
9/26/2002,1564.7
9/27/2002,1559.57
9/30/2002,1559.55
10/1/2002,1579.22
10/2/2002,1580.83
10/3/2002,1587.24
10/4/2002,1589.22
10/7/2002,1605.82
10/8/2002,1621.59
10/9/2002,1630.05
10/10/2002,1632.07
10/11/2002,1624.8
10/14/2002,1624.69
10/15/2002,1602.23
10/16/2002,1611.76
10/17/2002,1610.02
10/18/2002,1609.14
10/21/2002,1610.3
10/22/2002,1612.05
10/23/2002,1606.11
10/24/2002,1604.86
10/25/2002,1594.47
10/28/2002,1578.2
10/29/2002,1582.67
10/30/2002,1568.05
10/31/2002,1563.03
11/1/2002,1556.24
11/4/2002,1533.77
11/5/2002,1518.12
11/6/2002,1511.36
11/7/2002,1524.06
11/8/2002,1524.18
11/11/2002,1524.08
11/12/2002,1541.52
11/13/2002,1548.02
11/14/2002,1558.8
11/15/2002,1552.03
11/18/2002,1552.1
11/19/2002,1563.39
11/20/2002,1556.9
11/21/2002,1543.3
11/22/2002,1525.78
11/25/2002,1499.29
11/26/2002,1504.82
11/27/2002,1501.13
11/28/2002,1501.1
11/29/2002,1488.53
12/2/2002,1490.8
12/3/2002,1488.57
12/4/2002,1503.61
12/5/2002,1493.67
12/6/2002,1498.79
12/9/2002,1503.24
12/10/2002,1504.38
12/11/2002,1502.38
12/12/2002,1503.32
12/13/2002,1493.9
12/16/2002,1502.45
12/17/2002,1494.04
12/18/2002,1505.03
12/19/2002,1504.91
12/20/2002,1516.27
12/23/2002,1516.77
12/24/2002,1512.15
12/25/2002,1512.12
12/26/2002,1512.08
12/27/2002,1504.31
12/30/2002,1513.31
12/31/2002,1514.55
1/1/2003,1514.51
1/2/2003,1506.57
1/3/2003,1496.55
1/6/2003,1498.35
1/7/2003,1500.09
1/8/2003,1497.04
1/9/2003,1504.57
1/10/2003,1499.24
1/13/2003,1490.84
1/14/2003,1479.2
1/15/2003,1456.55
1/16/2003,1455.09
1/17/2003,1449.81
1/20/2003,1449.71
1/21/2003,1445.88
1/22/2003,1437.84
1/23/2003,1415.72
1/24/2003,1409.79
1/27/2003,1411.02
1/28/2003,1418.01
1/29/2003,1434.74
1/30/2003,1441.24
1/31/2003,1455.44
2/3/2003,1453.34
2/4/2003,1442.21
2/5/2003,1441.11
2/6/2003,1435.66
2/7/2003,1433.53
2/10/2003,1433.81
2/11/2003,1431.81
2/12/2003,1417.37
2/13/2003,1419.21
2/14/2003,1424.17
2/17/2003,1424.07
2/18/2003,1420.1
2/19/2003,1411.75
2/20/2003,1409.15
2/21/2003,1423.93
2/24/2003,1408.87
2/25/2003,1416.05
2/26/2003,1413.54
2/27/2003,1421.74
2/28/2003,1422.55
3/3/2003,1418.01
3/4/2003,1410.56
3/5/2003,1414.5
3/6/2003,1415.79
3/7/2003,1429.21
3/10/2003,1429.92
3/11/2003,1432.08
3/12/2003,1425.5
3/13/2003,1445.99
3/14/2003,1443.9
3/17/2003,1477.17
3/18/2003,1471.82
3/19/2003,1481.27
3/20/2003,1468.11
3/21/2003,1476.9
3/24/2003,1452.01
3/25/2003,1462.86
3/26/2003,1441.68
3/27/2003,1439.65
3/28/2003,1442.44
3/31/2003,1450.97
4/1/2003,1455.61
4/2/2003,1464.18
4/3/2003,1463.39
4/4/2003,1465.7
4/7/2003,1460.91
4/8/2003,1461.14
4/9/2003,1463.63
4/10/2003,1464.39
4/11/2003,1466.1
4/14/2003,1470.57
4/15/2003,1468.06
4/16/2003,1464.22
4/17/2003,1464.8
4/18/2003,1464.77
4/21/2003,1464.67
4/22/2003,1459.01
4/23/2003,1460.99
4/24/2003,1467.41
4/25/2003,1468.12
4/28/2003,1477.89
4/29/2003,1476.83
4/30/2003,1468.01
5/1/2003,1467.97
5/2/2003,1458.66
5/5/2003,1453.97
5/6/2003,1449.31
5/7/2003,1442.59
5/8/2003,1441.08
5/9/2003,1441.18
5/12/2003,1441.78
5/13/2003,1440.34
5/14/2003,1431.51
5/15/2003,1434.13
5/16/2003,1428.59
5/19/2003,1433.72
5/20/2003,1432.46
5/21/2003,1432.54
5/22/2003,1426.97
5/23/2003,1422.44
5/26/2003,1422.34
5/27/2003,1414.45
5/28/2003,1416.44
5/29/2003,1416.13
5/30/2003,1416.87
6/2/2003,1414.47
6/3/2003,1414.8
6/4/2003,1397.43
6/5/2003,1385.55
6/6/2003,1385.35
6/9/2003,1360.46
6/10/2003,1368.94
6/11/2003,1370.08
6/12/2003,1375.03
6/13/2003,1375.74
6/16/2003,1381.44
6/17/2003,1383.2
6/18/2003,1380.58
6/19/2003,1379.44
6/20/2003,1377.41
6/23/2003,1368.19
6/24/2003,1376.67
6/25/2003,1368.73
6/26/2003,1365.19
6/27/2003,1361.06
6/30/2003,1361.31
7/1/2003,1360.61
7/2/2003,1353.04
7/3/2003,1351.54
7/4/2003,1351.51
7/7/2003,1343.68
7/8/2003,1342.99
7/9/2003,1331
7/10/2003,1332.91
7/11/2003,1340.18
7/14/2003,1340.91
7/15/2003,1339.29
7/16/2003,1341.18
7/17/2003,1351.22
7/18/2003,1354.96
7/21/2003,1352.77
7/22/2003,1350.57
7/23/2003,1349.14
7/24/2003,1346.7
7/25/2003,1355.85
7/28/2003,1346.17
7/29/2003,1347.79
7/30/2003,1351.22
7/31/2003,1355.15
8/1/2003,1353.37
8/4/2003,1354.35
8/5/2003,1356.07
8/6/2003,1360.15
8/7/2003,1360.1
8/8/2003,1358.72
8/11/2003,1352.48
8/12/2003,1350.38
8/13/2003,1345.09
8/14/2003,1338.5
8/15/2003,1337.31
8/18/2003,1330.48
8/19/2003,1320.74
8/20/2003,1311.19
8/21/2003,1304.01
8/22/2003,1301.82
8/25/2003,1302.92
8/26/2003,1301.43
8/27/2003,1301.22
8/28/2003,1309.43
8/29/2003,1308.56
9/1/2003,1308.45
9/2/2003,1308.87
9/3/2003,1307.28
9/4/2003,1310.04
9/5/2003,1300.63
9/8/2003,1297.89
9/9/2003,1293.58
9/10/2003,1299
9/11/2003,1301.63
9/12/2003,1299.63
9/15/2003,1301.13
9/16/2003,1293.8
9/17/2003,1292.04
9/18/2003,1288.51
9/19/2003,1285.94
9/22/2003,1286.76
9/23/2003,1282.72
9/24/2003,1282.99
9/25/2003,1289.13
9/26/2003,1293.5
9/29/2003,1295.26
9/30/2003,1295.45
10/1/2003,1294.49
10/2/2003,1283.01
10/3/2003,1281.76
10/6/2003,1281.97
10/7/2003,1278.14
10/8/2003,1280.29
10/9/2003,1277.15
10/10/2003,1275.53
10/13/2003,1275.44
10/14/2003,1275.85
10/15/2003,1279.37
10/16/2003,1277.24
10/17/2003,1279.54
10/20/2003,1274.7
10/21/2003,1274.66
10/22/2003,1277.67
10/23/2003,1292.64
10/24/2003,1291.94
10/27/2003,1288.49
10/28/2003,1282.74
10/29/2003,1278.14
10/30/2003,1278.74
10/31/2003,1285.09
11/3/2003,1287.67
11/4/2003,1279.26
11/5/2003,1279.56
11/6/2003,1287.55
11/7/2003,1286.56
11/10/2003,1288.58
11/11/2003,1288.55
11/12/2003,1295.24
11/13/2003,1289.65
11/14/2003,1297.3
11/17/2003,1308.85
11/18/2003,1302.94
11/19/2003,1303.34
11/20/2003,1301.96
11/21/2003,1304.1
11/24/2003,1301.99
11/25/2003,1298.93
11/26/2003,1291.74
11/27/2003,1291.72
11/28/2003,1292.23
12/1/2003,1289.01
12/2/2003,1287.48
12/3/2003,1288.33
12/4/2003,1285.07
12/5/2003,1285.88
12/8/2003,1291.18
12/9/2003,1291.51
12/10/2003,1294.81
12/11/2003,1291.22
12/12/2003,1285.04
12/15/2003,1283.13
12/16/2003,1287.24
12/17/2003,1286.07
12/18/2003,1284.95
12/19/2003,1279.42
12/22/2003,1276.95
12/23/2003,1277.59
12/24/2003,1278.18
12/25/2003,1278.15
12/26/2003,1278.12
12/29/2003,1275.3
12/30/2003,1273.04
12/31/2003,1275.71
1/1/2004,1275.68
1/2/2004,1271.21
1/5/2004,1266.56
1/6/2004,1266.14
1/7/2004,1258.63
1/8/2004,1256.75
1/9/2004,1250.21
1/12/2004,1247.45
1/13/2004,1251.06
1/14/2004,1252.83
1/15/2004,1253.67
1/16/2004,1245.65
1/19/2004,1245.56
1/20/2004,1244.22
1/21/2004,1247.81
1/22/2004,1251.94
1/23/2004,1246.71
1/26/2004,1243.92
1/27/2004,1247.44
1/28/2004,1254.93
1/29/2004,1251.87
1/30/2004,1253.19
2/2/2004,1248.59
2/3/2004,1252.34
2/4/2004,1260.6
2/5/2004,1263.98
2/6/2004,1262.52
2/9/2004,1264.9
2/10/2004,1265.49
2/11/2004,1264.28
2/12/2004,1264.81
2/13/2004,1262.18
2/16/2004,1262.09
2/17/2004,1259.87
2/18/2004,1260.29
2/19/2004,1262.55
2/20/2004,1263.71
2/23/2004,1263.99
2/24/2004,1264.56
2/25/2004,1259.89
2/26/2004,1256.19
2/27/2004,1251.44
3/1/2004,1249.48
3/2/2004,1247.86
3/3/2004,1245.16
3/4/2004,1248.16
3/5/2004,1254.46
3/8/2004,1254.74
3/9/2004,1257.07
3/10/2004,1261.75
3/11/2004,1261.22
3/12/2004,1256.12
3/15/2004,1254.9
3/16/2004,1258.17
3/17/2004,1252.6
3/18/2004,1249.72
3/19/2004,1253.89
3/22/2004,1257.4
3/23/2004,1257.96
3/24/2004,1253.52
3/25/2004,1252.15
3/26/2004,1249.84
3/29/2004,1251.83
3/30/2004,1251.55
3/31/2004,1251.45
4/1/2004,1254.32
4/2/2004,1252.97
4/5/2004,1254.88
4/6/2004,1255.86
4/7/2004,1259.33
4/8/2004,1256.4
4/9/2004,1256.37
4/12/2004,1256.28
4/13/2004,1259.76
4/14/2004,1260.88
4/15/2004,1272.45
4/16/2004,1279.66
4/19/2004,1285.7
4/20/2004,1278.5
4/21/2004,1279.05
4/22/2004,1277.88
4/23/2004,1277.16
4/26/2004,1273.07
4/27/2004,1278.1
4/28/2004,1275.57
4/29/2004,1282.85
4/30/2004,1290.56
5/3/2004,1291.96
5/4/2004,1294.7
5/5/2004,1296.19
5/6/2004,1306.78
5/7/2004,1314.97
5/10/2004,1325.91
5/11/2004,1327.98
5/12/2004,1317.6
5/13/2004,1329.18
5/14/2004,1335.2
5/17/2004,1341.99
5/18/2004,1338.46
5/19/2004,1331.92
5/20/2004,1329.42
5/21/2004,1323.8
5/24/2004,1321.75
5/25/2004,1324.82
5/26/2004,1318.15
5/27/2004,1328.38
5/28/2004,1319.82
5/31/2004,1319.73
6/1/2004,1319.14
6/2/2004,1327.86
6/3/2004,1338.03
6/4/2004,1337.17
6/7/2004,1330.94
6/8/2004,1329.2
6/9/2004,1326.21
6/10/2004,1325.18
6/11/2004,1325.15
6/14/2004,1324.91
6/15/2004,1326.2
6/16/2004,1321.42
6/17/2004,1318.95
6/18/2004,1324.84
6/21/2004,1321.55
6/22/2004,1318.59
6/23/2004,1315.09
6/24/2004,1309.96
6/25/2004,1310.06
6/28/2004,1310.88
6/29/2004,1307.17
6/30/2004,1309.53
7/1/2004,1309.58
7/2/2004,1313.68
7/5/2004,1313.58
7/6/2004,1328.44
7/7/2004,1329.72
7/8/2004,1335.88
7/9/2004,1333.49
7/12/2004,1331.35
7/13/2004,1334.14
7/14/2004,1336.72
7/15/2004,1335.63
7/16/2004,1338.96
7/19/2004,1334.62
7/20/2004,1335.74
7/21/2004,1340.64
7/22/2004,1338.62
7/23/2004,1337
7/26/2004,1340.84
7/27/2004,1341.27
7/28/2004,1342.75
7/29/2004,1348.22
7/30/2004,1343.48
8/2/2004,1344.52
8/3/2004,1350.69
8/4/2004,1356.91
8/5/2004,1358.44
8/6/2004,1358.51
8/9/2004,1356.65
8/10/2004,1360.21
8/11/2004,1352.83
8/12/2004,1353.81
8/13/2004,1361.67
8/16/2004,1363.77
8/17/2004,1361.32
8/18/2004,1356.17
8/19/2004,1356.76
8/20/2004,1350.24
8/23/2004,1349.44
8/24/2004,1343.07
8/25/2004,1337.46
8/26/2004,1337
8/27/2004,1336.09
8/30/2004,1338.36
8/31/2004,1337.08
9/1/2004,1335.67
9/2/2004,1333.88
9/3/2004,1336.97
9/6/2004,1336.87
9/7/2004,1333.55
9/8/2004,1335.72
9/9/2004,1337.41
9/10/2004,1342.74
9/13/2004,1340.92
9/14/2004,1340
9/15/2004,1339.96
9/16/2004,1339.29
9/17/2004,1345.81
9/20/2004,1348.37
9/21/2004,1349.45
9/22/2004,1349.68
9/23/2004,1349.19
9/24/2004,1347.75
9/27/2004,1350.32
9/28/2004,1352.67
9/29/2004,1355
9/30/2004,1347.43
10/1/2004,1345.47
10/4/2004,1344.7
10/5/2004,1344.6
10/6/2004,1337.72
10/7/2004,1343.17
10/8/2004,1341.03
10/11/2004,1340.94
10/12/2004,1337.71
10/13/2004,1339.09
10/14/2004,1343.72
10/15/2004,1347.23
10/18/2004,1348.72
10/19/2004,1349.51
10/20/2004,1349.46
10/21/2004,1350.73
10/22/2004,1349.68
10/25/2004,1347.42
10/26/2004,1344.43
10/27/2004,1352.28
10/28/2004,1351.28
10/29/2004,1347.81
11/1/2004,1351.98
11/2/2004,1352.35
11/3/2004,1352.61
11/4/2004,1357.14
11/5/2004,1356.73
11/8/2004,1359.74
11/9/2004,1358.03
11/10/2004,1359.93
11/11/2004,1359.9
11/12/2004,1357.81
11/15/2004,1358.64
11/16/2004,1359.93
11/17/2004,1361.89
11/18/2004,1356.81
11/19/2004,1354.62
11/22/2004,1353.68
11/23/2004,1353.36
11/24/2004,1352.09
11/25/2004,1352.06
11/26/2004,1357.16
11/29/2004,1354.08
11/30/2004,1353.06
12/1/2004,1362.14
12/2/2004,1362.95
12/3/2004,1361.86
12/6/2004,1361.87
12/7/2004,1367.94
12/8/2004,1364.93
12/9/2004,1364.16
12/10/2004,1366.12
12/13/2004,1366.5
12/14/2004,1363.26
12/15/2004,1361.36
12/16/2004,1361.4
12/17/2004,1356.62
12/20/2004,1361.88
12/21/2004,1359.21
12/22/2004,1356.95
12/23/2004,1358.9
12/24/2004,1358.87
12/27/2004,1361.32
12/28/2004,1360.76
12/29/2004,1361.82
12/30/2004,1356.51
12/31/2004,1356.21
1/3/2005,1358.37
1/4/2005,1359.89
1/5/2005,1358.29
1/6/2005,1354.46
1/7/2005,1353.12
1/10/2005,1352.15
1/11/2005,1352.65
1/12/2005,1350.89
1/13/2005,1353.48
1/14/2005,1351.99
1/17/2005,1351.9
1/18/2005,1351.53
1/19/2005,1354.85
1/20/2005,1355.22
1/21/2005,1354.4
1/24/2005,1354.75
1/25/2005,1360.03
1/26/2005,1357.48
1/27/2005,1362.68
1/28/2005,1363.72
1/31/2005,1363.16
2/1/2005,1371.34
2/2/2005,1369.5
2/3/2005,1368.17
2/4/2005,1365.98
2/7/2005,1365.7
2/8/2005,1367.72
2/9/2005,1367.27
2/10/2005,1371.29
2/11/2005,1370.96
2/14/2005,1372.02
2/15/2005,1375.48
2/16/2005,1376.68
2/17/2005,1382.85
2/18/2005,1383.04
2/21/2005,1382.94
2/22/2005,1383.33
2/23/2005,1384.64
2/24/2005,1385.09
2/25/2005,1388.48
2/28/2005,1392.06
3/1/2005,1391.65
3/2/2005,1389.16
3/3/2005,1388.15
3/4/2005,1389.67
3/7/2005,1387.66
3/8/2005,1391.72
3/9/2005,1391.03
3/10/2005,1391.91
3/11/2005,1390.75
3/14/2005,1388.9
3/15/2005,1387.32
3/16/2005,1387.19
3/17/2005,1388.68
3/18/2005,1384.25
3/21/2005,1385.66
3/22/2005,1385.81
3/23/2005,1389.32
3/24/2005,1389.32
3/25/2005,1389.29
3/28/2005,1389.19
3/29/2005,1393.73
3/30/2005,1398.12
3/31/2005,1394.05
4/1/2005,1391.77
4/4/2005,1391.41
4/5/2005,1397.98
4/6/2005,1400.34
4/7/2005,1400.64
4/8/2005,1399.87
4/11/2005,1404.07
4/12/2005,1407.37
4/13/2005,1408.59
4/14/2005,1408.69
4/15/2005,1410.25
4/18/2005,1416.34
4/19/2005,1412.28
4/20/2005,1408.98
4/21/2005,1412.81
4/22/2005,1412.82
4/25/2005,1410.94
4/26/2005,1412.65
4/27/2005,1406.54
4/28/2005,1411.39
4/29/2005,1409.51
5/2/2005,1409.06
5/3/2005,1411.23
5/4/2005,1408.36
5/5/2005,1406.92
5/6/2005,1405.97
5/9/2005,1405.12
5/10/2005,1406.51
5/11/2005,1408.01
5/12/2005,1409.97
5/13/2005,1410.92
5/16/2005,1411.81
5/17/2005,1414.39
5/18/2005,1413.06
5/19/2005,1406.48
5/20/2005,1403.92
5/23/2005,1403.05
5/24/2005,1405.45
5/25/2005,1408.86
5/26/2005,1408.41
5/27/2005,1402.06
5/30/2005,1401.96
5/31/2005,1391.41
6/1/2005,1393.29
6/2/2005,1391.73
6/3/2005,1389.31
6/6/2005,1383.66
6/7/2005,1392.34
6/8/2005,1389.4
6/9/2005,1387.44
6/10/2005,1385.96
6/13/2005,1384.07
6/14/2005,1381.49
6/15/2005,1379.37
6/16/2005,1379.51
6/17/2005,1377.74
6/20/2005,1371.25
6/21/2005,1371.04
6/22/2005,1373.92
6/23/2005,1367.43
6/24/2005,1369.85
6/27/2005,1372.46
6/28/2005,1372.62
6/29/2005,1371.5
6/30/2005,1373.83
7/1/2005,1371.7
7/4/2005,1371.6
7/5/2005,1368.93
7/6/2005,1371.98
7/7/2005,1368.97
7/8/2005,1371.99
7/11/2005,1373.72
7/12/2005,1373.73
7/13/2005,1377.94
7/14/2005,1376.31
7/15/2005,1377.44
7/18/2005,1376.63
7/19/2005,1371.53
7/20/2005,1370.06
7/21/2005,1368.74
7/22/2005,1368.9
7/25/2005,1373.22
7/26/2005,1372.44
7/27/2005,1373.33
7/28/2005,1375.26
7/29/2005,1377.07
8/1/2005,1378.33
8/2/2005,1381.43
8/3/2005,1386.88
8/4/2005,1389.54
8/5/2005,1392.13
8/8/2005,1395.27
8/9/2005,1395.03
8/10/2005,1390.14
8/11/2005,1384.23
8/12/2005,1379.52
8/15/2005,1379.81
8/16/2005,1377.38
8/17/2005,1379.34
8/18/2005,1375.64
8/19/2005,1377.73
8/22/2005,1375.41
8/23/2005,1372.04
8/24/2005,1366.5
8/25/2005,1364.65
8/26/2005,1363.02
8/29/2005,1366.62
8/30/2005,1361.87
8/31/2005,1364.58
9/1/2005,1362.58
9/2/2005,1364.95
9/5/2005,1364.85
9/6/2005,1363.23
9/7/2005,1360.66
9/8/2005,1362.38
9/9/2005,1355.45
9/12/2005,1352.56
9/13/2005,1352.68
9/14/2005,1349.85
9/15/2005,1344.61
9/16/2005,1346.64
9/19/2005,1343.98
9/20/2005,1341.39
9/21/2005,1340.32
9/22/2005,1342.76
9/23/2005,1340.1
9/26/2005,1334.8
9/27/2005,1337.52
9/28/2005,1332.75
9/29/2005,1331.21
9/30/2005,1334.81
10/3/2005,1333.02
10/4/2005,1332.72
10/5/2005,1335.2
10/6/2005,1345.98
10/7/2005,1345.2
10/10/2005,1345.11
10/11/2005,1347.32
10/12/2005,1348.42
10/13/2005,1348.37
10/14/2005,1346.47
10/17/2005,1347.02
10/18/2005,1349.52
10/19/2005,1352.79
10/20/2005,1357.24
10/21/2005,1354.45
10/24/2005,1356.71
10/25/2005,1355.98
10/26/2005,1359.79
10/27/2005,1359.22
10/28/2005,1363.13
10/31/2005,1361.77
11/1/2005,1355.48
11/2/2005,1358.6
11/3/2005,1360.39
11/4/2005,1357.63
11/7/2005,1358.24
11/8/2005,1357.97
11/9/2005,1356.04
11/10/2005,1359.73
11/11/2005,1359.7
11/14/2005,1360.09
11/15/2005,1361.17
11/16/2005,1357.77
11/17/2005,1351.2
11/18/2005,1347.18
11/21/2005,1343.31
11/22/2005,1344.83
11/23/2005,1341.73
11/24/2005,1341.7
11/25/2005,1342.38
11/28/2005,1334.07
11/29/2005,1334.23
11/30/2005,1334.74
12/1/2005,1337.35
12/2/2005,1339.53
12/5/2005,1336.98
12/6/2005,1337.23
12/7/2005,1336.54
12/8/2005,1340.61
12/9/2005,1339.65
12/12/2005,1333.31
12/13/2005,1332.6
12/14/2005,1332.06
12/15/2005,1330.91
12/16/2005,1335.76
12/19/2005,1335.5
12/20/2005,1334.54
12/21/2005,1331.07
12/22/2005,1327.47
12/23/2005,1328.44
12/26/2005,1328.35
12/27/2005,1330.51
12/28/2005,1323.95
12/29/2005,1320.01
12/30/2005,1320.3
1/2/2006,1320.21
1/3/2006,1319.72
1/4/2006,1320.87
1/5/2006,1316.7
1/6/2006,1315.97
1/9/2006,1314.52
1/10/2006,1310.48
1/11/2006,1310.15
1/12/2006,1308.01
1/13/2006,1306.31
1/16/2006,1306.22
1/17/2006,1312.5
1/18/2006,1316.07
1/19/2006,1309.12
1/20/2006,1306.38
1/23/2006,1309.26
1/24/2006,1312.74
1/25/2006,1314.41
1/26/2006,1310.81
1/27/2006,1313.08
1/30/2006,1313.61
1/31/2006,1309.32
2/1/2006,1310.89
2/2/2006,1312.27
2/3/2006,1313.35
2/6/2006,1311.04
2/7/2006,1312.69
2/8/2006,1317.85
2/9/2006,1316.4
2/10/2006,1317.13
2/13/2006,1319.82
2/14/2006,1321.6
2/15/2006,1323.48
2/16/2006,1324.73
2/17/2006,1323.15
2/20/2006,1323.06
2/21/2006,1320.2
2/22/2006,1321.19
2/23/2006,1314.33
2/24/2006,1310.32
2/27/2006,1310.68
2/28/2006,1309.23
3/1/2006,1315.11
3/2/2006,1312.83
3/3/2006,1317.89
3/6/2006,1317.61
3/7/2006,1319.9
3/8/2006,1323.8
3/9/2006,1320.55
3/10/2006,1320.07
3/13/2006,1317.66
3/14/2006,1318.85
3/15/2006,1316.94
3/16/2006,1315.13
3/17/2006,1315.53
3/20/2006,1316.03
3/21/2006,1318.74
3/22/2006,1319.98
3/23/2006,1318.68
3/24/2006,1315.52
3/27/2006,1313.82
3/28/2006,1310.84
3/29/2006,1309.54
3/30/2006,1303.7
3/31/2006,1300.13
4/3/2006,1299.99
4/4/2006,1303.87
4/5/2006,1307.91
4/6/2006,1307.18
4/7/2006,1303.77
4/10/2006,1306.13
4/11/2006,1309.09
4/12/2006,1314.81
4/13/2006,1313.88
4/14/2006,1313.85
4/17/2006,1313.76
4/18/2006,1321.03
4/19/2006,1320.66
4/20/2006,1320.35
4/21/2006,1318.89
4/24/2006,1320.39
4/25/2006,1312.96
4/26/2006,1310.87
4/27/2006,1310.14
4/28/2006,1309.69
5/1/2006,1309.6
5/2/2006,1306.27
5/3/2006,1312.25
5/4/2006,1311.66
5/5/2006,1308.25
5/8/2006,1306.82
5/9/2006,1309.26
5/10/2006,1307.99
5/11/2006,1308.52
5/12/2006,1313.4
5/15/2006,1316.23
5/16/2006,1319.98
5/17/2006,1314.75
5/18/2006,1321.32
5/19/2006,1325.62
5/22/2006,1332.74
5/23/2006,1326.62
5/24/2006,1332.2
5/25/2006,1335.94
5/26/2006,1338.34
5/29/2006,1338.25
5/30/2006,1331.83
5/31/2006,1338.75
6/1/2006,1344.37
6/2/2006,1334.55
6/5/2006,1330.31
6/6/2006,1341.93
6/7/2006,1345.05
6/8/2006,1361.25
6/9/2006,1352.78
6/12/2006,1351.94
6/13/2006,1365.11
6/14/2006,1366.99
6/15/2006,1363.88
6/16/2006,1356.93
6/19/2006,1355.21
6/20/2006,1358.43
6/21/2006,1361.09
6/22/2006,1353.24
6/23/2006,1357.55
6/26/2006,1359.94
6/27/2006,1358.24
6/28/2006,1364.26
6/29/2006,1366.63
6/30/2006,1352.26
7/3/2006,1352.02
7/4/2006,1351.99
7/5/2006,1352.32
7/6/2006,1353.7
7/7/2006,1354.17
7/10/2006,1351.94
7/11/2006,1359.73
7/12/2006,1362.18
7/13/2006,1359.82
7/14/2006,1365.69
7/17/2006,1374.93
7/18/2006,1381.82
7/19/2006,1391.29
7/20/2006,1376.27
7/21/2006,1375.58
7/24/2006,1382.76
7/25/2006,1385.97
7/26/2006,1383.82
7/27/2006,1374.98
7/28/2006,1375.39
7/31/2006,1374.33
8/1/2006,1376.77
8/2/2006,1374.6
8/3/2006,1387.85
8/4/2006,1387.44
8/7/2006,1396.15
8/8/2006,1391.05
8/9/2006,1383.15
8/10/2006,1387.76
8/11/2006,1380.58
8/14/2006,1376.56
8/15/2006,1379.72
8/16/2006,1378.29
8/17/2006,1377.79
8/18/2006,1377.96
8/21/2006,1376.74
8/22/2006,1376.59
8/23/2006,1376.05
8/24/2006,1374.57
8/25/2006,1374.46
8/28/2006,1382.17
8/29/2006,1378.79
8/30/2006,1378.64
8/31/2006,1375.8
9/1/2006,1377.99
9/4/2006,1377.88
9/5/2006,1371.69
9/6/2006,1371.97
9/7/2006,1374.71
9/8/2006,1375.77
9/11/2006,1378.46
9/12/2006,1384.69
9/13/2006,1386.26
9/14/2006,1384.91
9/15/2006,1386.55
9/18/2006,1387.06
9/19/2006,1387.45
9/20/2006,1390.26
9/21/2006,1381.5
9/22/2006,1383.56
9/25/2006,1391.85
9/26/2006,1394.33
9/27/2006,1386.43
9/28/2006,1389.55
9/29/2006,1385.27
10/2/2006,1380.58
10/3/2006,1383.36
10/4/2006,1387.56
10/5/2006,1384.64
10/6/2006,1390.28
10/9/2006,1390.18
10/10/2006,1400.85
10/11/2006,1401.57
10/12/2006,1402.15
10/13/2006,1399.27
10/16/2006,1399.16
10/17/2006,1399.58
10/18/2006,1392.09
10/19/2006,1386.99
10/20/2006,1390.1
10/23/2006,1393.57
10/24/2006,1399.73
10/25/2006,1396.55
10/26/2006,1390.24
10/27/2006,1386.18
10/30/2006,1393.63
10/31/2006,1391.38
11/1/2006,1385.52
11/2/2006,1385.14
11/3/2006,1381.91
11/6/2006,1384.65
11/7/2006,1385.22
11/8/2006,1387.03
11/9/2006,1381.44
11/10/2006,1381.43
11/13/2006,1382.87
11/14/2006,1382.44
11/15/2006,1385.95
11/16/2006,1386.98
11/17/2006,1387.36
11/20/2006,1390.94
11/21/2006,1389.56
11/22/2006,1383.11
11/23/2006,1383.08
11/24/2006,1382.23
11/27/2006,1379.23
11/28/2006,1378.23
11/29/2006,1375.24
11/30/2006,1377.4
12/1/2006,1376.77
12/4/2006,1378.45
12/5/2006,1381.55
12/6/2006,1382.77
12/7/2006,1381.5
12/8/2006,1382.13
12/11/2006,1382.89
12/12/2006,1379.27
12/13/2006,1381.9
12/14/2006,1385.83
12/15/2006,1383.6
12/18/2006,1385.28
12/19/2006,1384.87
12/20/2006,1381.6
12/21/2006,1378.13
12/22/2006,1379.48
12/25/2006,1379.38
12/26/2006,1379.35
12/27/2006,1381.26
12/28/2006,1383.45
12/29/2006,1379
1/2/2007,1377.88
1/3/2007,1378.18
1/4/2007,1373.62
1/5/2007,1373.5
1/8/2007,1371.16
1/9/2007,1371.15
1/10/2007,1375.23
1/11/2007,1383.93
1/12/2007,1382.49
1/15/2007,1382.39
1/16/2007,1378.49
1/17/2007,1377.83
1/18/2007,1375.64
1/19/2007,1374.1
1/22/2007,1372.95
1/23/2007,1374.13
1/24/2007,1370.55
1/25/2007,1368.83
1/26/2007,1364.67
1/29/2007,1363.59
1/30/2007,1366.81
1/31/2007,1372.66
2/1/2007,1370.42
2/2/2007,1372.65
2/5/2007,1371.6
2/6/2007,1374.56
2/7/2007,1382.49
2/8/2007,1382.69
2/9/2007,1382.18
2/12/2007,1383.66
2/13/2007,1383.14
2/14/2007,1387.65
2/15/2007,1385.01
2/16/2007,1382.5
2/19/2007,1382.41
2/20/2007,1381.99
2/21/2007,1380.03
2/22/2007,1380.04
2/23/2007,1379.72
2/26/2007,1380.34
2/27/2007,1373.09
2/28/2007,1373.77
3/1/2007,1372.43
3/2/2007,1378.52
3/5/2007,1385.06
3/6/2007,1385.02
3/7/2007,1387.07
3/8/2007,1389.87
3/9/2007,1396.82
3/12/2007,1393.16
3/13/2007,1389.91
3/14/2007,1392.4
3/15/2007,1396.46
3/16/2007,1397.92
3/19/2007,1401.88
3/20/2007,1400.74
3/21/2007,1400.71
3/22/2007,1401.53
3/23/2007,1400.98
3/26/2007,1400.13
3/27/2007,1399.78
3/28/2007,1395.63
3/29/2007,1402.54
3/30/2007,1404.49
4/2/2007,1411.36
4/3/2007,1413.95
4/4/2007,1411.23
4/5/2007,1409.16
4/10/2007,1409.45
4/11/2007,1409.57
4/12/2007,1411.6
4/13/2007,1414.44
4/16/2007,1418.26
4/17/2007,1421.38
4/18/2007,1417.35
4/19/2007,1421.04
4/20/2007,1424.94
4/23/2007,1428.75
4/24/2007,1427.3
4/25/2007,1438.38
4/26/2007,1438.01
4/27/2007,1443.68
4/30/2007,1447.67
5/1/2007,1447.64
5/2/2007,1449.3
5/3/2007,1450.35
5/4/2007,1454.29
5/8/2007,1450.59
5/9/2007,1454.55
5/10/2007,1456.64
5/11/2007,1456.51
5/14/2007,1458.89
5/15/2007,1462.75
5/16/2007,1464.48
5/17/2007,1466.98
5/18/2007,1468.31
5/21/2007,1464.2
5/22/2007,1456.41
5/23/2007,1460.01
5/24/2007,1462.81
5/25/2007,1464.78
5/29/2007,1464.95
5/30/2007,1463.94
5/31/2007,1462.96
6/1/2007,1467.05
6/4/2007,1466.14
6/5/2007,1461.54
6/6/2007,1458.57
6/7/2007,1457.69
6/8/2007,1459.91
6/11/2007,1459.76
6/12/2007,1460.86
6/13/2007,1463.43
6/14/2007,1466.02
6/15/2007,1466.15
6/18/2007,1468.83
6/19/2007,1464.82
6/20/2007,1465.99
6/21/2007,1460.87
6/22/2007,1463.23
6/25/2007,1466.06
6/26/2007,1469.18
6/27/2007,1468.67
6/28/2007,1471.66
6/29/2007,1473.6
7/2/2007,1470.82
7/3/2007,1472.71
7/4/2007,1472.68
7/5/2007,1475.6
7/6/2007,1476.49
7/9/2007,1477.61
7/10/2007,1473.35
7/11/2007,1476.19
7/12/2007,1483.22
7/13/2007,1479.15
7/16/2007,1480.26
7/17/2007,1476.52
7/18/2007,1471.71
7/19/2007,1474.25
7/20/2007,1475.42
7/23/2007,1483.34
7/24/2007,1480.25
7/25/2007,1475.29
7/26/2007,1474.32
7/27/2007,1473.79
7/30/2007,1474.29
7/31/2007,1481.33
8/1/2007,1484.51
8/2/2007,1485.86
8/3/2007,1481.39
8/6/2007,1480.8
8/7/2007,1484.07
8/8/2007,1480.38
8/9/2007,1450.75
8/10/2007,1449.94
8/13/2007,1470.34
8/14/2007,1467.13
8/15/2007,1471.69
8/16/2007,1465.41
8/17/2007,1481.77
8/20/2007,1481.38
8/21/2007,1481.26
8/22/2007,1492.31
8/23/2007,1492.36
8/24/2007,1498.93
8/28/2007,1497.11
8/29/2007,1500.23
8/30/2007,1505.63
8/31/2007,1505.38
9/3/2007,1505.28
9/4/2007,1501.26
9/5/2007,1499.06
9/6/2007,1501.25
9/7/2007,1496.38
9/10/2007,1497.01
9/11/2007,1503.92
9/12/2007,1506.91
9/13/2007,1515.15
9/14/2007,1509.72
9/17/2007,1504.81
9/18/2007,1508.84
9/19/2007,1518.38
9/20/2007,1514.42
9/21/2007,1519.53
9/24/2007,1520.11
9/25/2007,1515.11
9/26/2007,1518.63
9/27/2007,1515.19
9/28/2007,1513.73
10/1/2007,1514.64
10/2/2007,1510.84
10/3/2007,1510.42
10/4/2007,1513.53
10/5/2007,1517.28
10/8/2007,1517.17
10/9/2007,1513.86
10/10/2007,1513.54
10/11/2007,1510.62
10/12/2007,1513.04
10/15/2007,1508.89
10/16/2007,1508.79
10/17/2007,1513.87
10/18/2007,1509.56
10/19/2007,1504.71
10/22/2007,1502.54
10/23/2007,1512.76
10/24/2007,1509.93
10/25/2007,1519.71
10/26/2007,1512.23
10/29/2007,1508.66
10/30/2007,1503.96
10/31/2007,1506.7
11/1/2007,1499.34
11/2/2007,1500.6
11/5/2007,1501.67
11/6/2007,1506.54
11/7/2007,1508.19
11/8/2007,1513.21
11/9/2007,1505.93
11/12/2007,1505.83
11/13/2007,1509.33
11/14/2007,1508.67
11/15/2007,1500.38
11/16/2007,1502.6
11/19/2007,1505.28
11/20/2007,1509.01
11/21/2007,1505.61
11/22/2007,1505.57
11/23/2007,1504.24
11/26/2007,1503.99
11/27/2007,1500.28
11/28/2007,1513.35
11/29/2007,1512.92
11/30/2007,1510.75
12/3/2007,1506.82
12/4/2007,1505.38
12/5/2007,1509.64
12/6/2007,1509.2
12/7/2007,1511.14
12/10/2007,1509.88
12/11/2007,1500.53
12/12/2007,1502.11
12/13/2007,1508.76
12/14/2007,1512.3
12/17/2007,1515.47
12/18/2007,1515.72
12/19/2007,1516.53
12/20/2007,1522.81
12/21/2007,1529.05
12/24/2007,1529.05
12/27/2007,1526.92
12/28/2007,1525.64
12/31/2007,1525.64
1/2/2008,1510
1/3/2008,1511.29
1/4/2008,1509.17
1/7/2008,1513.96
1/8/2008,1510.3
1/9/2008,1507.84
1/10/2008,1508.48
1/11/2008,1503.88
1/14/2008,1501.14
1/15/2008,1496.32
1/16/2008,1498.03
1/17/2008,1499.7
1/18/2008,1504.83
1/21/2008,1504.73
1/22/2008,1521.98
1/23/2008,1521.64
1/24/2008,1521.65
1/25/2008,1510.65
1/28/2008,1517.59
1/29/2008,1516.48
1/30/2008,1514.97
1/31/2008,1511.96
2/1/2008,1511.65
2/4/2008,1502.16
2/5/2008,1494.33
2/6/2008,1503.7
2/7/2008,1509.4
2/8/2008,1510.03
2/11/2008,1506.58
2/12/2008,1510.86
2/13/2008,1511.82
2/14/2008,1503.79
2/15/2008,1502.12
2/18/2008,1502.01
2/19/2008,1498.6
2/20/2008,1509.52
2/21/2008,1508.01
2/22/2008,1514.24
2/25/2008,1515.14
2/26/2008,1514.08
2/27/2008,1506.9
2/28/2008,1509.01
2/29/2008,1507.36
3/3/2008,1513.44
3/4/2008,1517.72
3/5/2008,1518.71
3/6/2008,1514.77
3/7/2008,1520.65
3/10/2008,1530.74
3/11/2008,1534.09
3/12/2008,1528.9
3/13/2008,1535.7
3/14/2008,1535.64
3/17/2008,1538.54
3/18/2008,1545.24
3/19/2008,1544.88
3/20/2008,1543.95
3/25/2008,1536.21
3/26/2008,1535.54
3/27/2008,1537.99
3/28/2008,1535.63
3/31/2008,1540.27
4/1/2008,1543.3
4/2/2008,1533.18
4/3/2008,1527.39
4/4/2008,1528.13
4/7/2008,1527.48
4/8/2008,1530.98
4/9/2008,1537.06
4/10/2008,1546.02
4/11/2008,1545.08
4/14/2008,1548.58
4/15/2008,1547.06
4/16/2008,1538.81
4/17/2008,1543
4/18/2008,1538.9
4/21/2008,1540.67
4/22/2008,1544.27
4/23/2008,1545.25
4/24/2008,1541.81
4/25/2008,1539.65
4/28/2008,1533.73
4/29/2008,1534.63
4/30/2008,1528.54
5/1/2008,1528.51
5/2/2008,1532.92
5/6/2008,1531.85
5/7/2008,1527.96
5/8/2008,1527.31
5/9/2008,1532.61
5/12/2008,1530.03
5/13/2008,1528.79
5/14/2008,1538.41
5/15/2008,1532.67
5/16/2008,1530.13
5/19/2008,1532.38
5/20/2008,1534.3
5/21/2008,1542.55
5/22/2008,1537.28
5/23/2008,1539.84
5/27/2008,1542.31
5/28/2008,1547.74
5/29/2008,1554.13
5/30/2008,1549.8
6/2/2008,1552.27
6/3/2008,1552.48
6/4/2008,1556.23
6/5/2008,1556.38
6/6/2008,1556.96
6/9/2008,1565.26
6/10/2008,1574.38
6/11/2008,1577.58
6/12/2008,1575.21
6/13/2008,1567.6
6/16/2008,1567.69
6/17/2008,1568.23
6/18/2008,1572.81
6/19/2008,1577.98
6/20/2008,1578.59
6/23/2008,1584.48
6/24/2008,1585.58
6/25/2008,1579.4
6/26/2008,1586.71
6/27/2008,1588.67
6/30/2008,1591.73
7/1/2008,1597.83
7/2/2008,1606.91
7/3/2008,1614.01
7/4/2008,1613.97
7/7/2008,1619.44
7/8/2008,1627.03
7/9/2008,1627.27
7/10/2008,1632.8
7/11/2008,1633.12
7/14/2008,1627.67
7/15/2008,1630.95
7/16/2008,1620.62
7/17/2008,1603.99
7/18/2008,1595.5
7/21/2008,1595.08
7/22/2008,1593.32
7/23/2008,1575.66
7/24/2008,1578.63
7/25/2008,1584.61
7/28/2008,1599.53
7/29/2008,1604.43
7/30/2008,1603.39
7/31/2008,1605.21
8/1/2008,1602.91
8/4/2008,1594.57
8/5/2008,1578.85
8/6/2008,1580.47
8/7/2008,1585.93
8/8/2008,1573.64
8/11/2008,1564.94
8/12/2008,1564.41
8/13/2008,1580.64
8/14/2008,1582.51
8/15/2008,1572.54
8/18/2008,1581.27
8/19/2008,1594.83
8/20/2008,1596.69
8/21/2008,1601.67
8/22/2008,1596.98
8/26/2008,1600.53
8/27/2008,1605.04
8/28/2008,1601.87
8/29/2008,1598.39
9/1/2008,1598.28
9/2/2008,1589.28
9/3/2008,1586.88
9/4/2008,1593.1
9/5/2008,1597.35
9/8/2008,1584.12
9/9/2008,1579.46
9/10/2008,1589.4
9/11/2008,1597.2
9/12/2008,1593.19
9/15/2008,1598.28
9/16/2008,1612.18
9/17/2008,1603.02
9/18/2008,1594.9
9/19/2008,1582.35
9/22/2008,1593.69
9/23/2008,1593.87
9/24/2008,1593.2
9/25/2008,1590.61
9/26/2008,1592.31
9/29/2008,1607.9
9/30/2008,1606.99
10/1/2008,1601.5
10/2/2008,1599.65
10/3/2008,1614.18
10/6/2008,1625.33
10/7/2008,1632.21
10/8/2008,1644.81
10/9/2008,1654.55
10/10/2008,1671.66
10/13/2008,1677.97
10/14/2008,1654.85
10/15/2008,1659.07
10/16/2008,1692.9
10/17/2008,1694.09
10/20/2008,1714.34
10/21/2008,1701.66
10/22/2008,1710.87
10/23/2008,1730.04
10/24/2008,1741.99
10/27/2008,1751.49
10/28/2008,1768.49
10/29/2008,1757.36
10/30/2008,1755.48
10/31/2008,1745.67
11/3/2008,1730.42
11/4/2008,1722.07
11/5/2008,1714.91
11/6/2008,1729.65
11/7/2008,1740.81
11/10/2008,1744.04
11/11/2008,1767.39
11/12/2008,1774.62
11/13/2008,1789.67
11/14/2008,1787.07
11/17/2008,1790.19
11/18/2008,1794.92
11/19/2008,1810.32
11/20/2008,1819.45
11/21/2008,1833.03
11/24/2008,1808.64
11/25/2008,1805.18
11/26/2008,1797.76
11/27/2008,1797.73
11/28/2008,1792.8
12/1/2008,1797.15
12/2/2008,1789.48
12/3/2008,1788.52
12/4/2008,1785.31
12/5/2008,1780.88
12/8/2008,1777.4
12/9/2008,1780.22
12/10/2008,1772.69
12/11/2008,1776.08
12/12/2008,1786.58
12/15/2008,1791.28
12/16/2008,1795.84
12/17/2008,1787.88
12/18/2008,1783.19
12/19/2008,1774.36
12/22/2008,1788.73
12/23/2008,1788.25
12/24/2008,1788.25
12/29/2008,1794.98
12/30/2008,1792.92
12/31/2008,1792.92
1/2/2009,1778.28
1/5/2009,1760.68
1/6/2009,1744.86
1/7/2009,1739.28
1/8/2009,1740.16
1/9/2009,1734.14
1/12/2009,1743.45
1/13/2009,1755.34
1/14/2009,1765.84
1/15/2009,1784.51
1/16/2009,1779.87
1/19/2009,1779.75
1/20/2009,1788.76
1/21/2009,1790.41
1/22/2009,1792.63
1/23/2009,1790.34
1/26/2009,1783.82
1/27/2009,1778.22
1/28/2009,1778.18
1/29/2009,1772.86
1/30/2009,1781.14
2/2/2009,1793.35
2/3/2009,1793.79
2/4/2009,1777.3
2/5/2009,1781.56
2/6/2009,1782.38
2/9/2009,1777.77
2/10/2009,1774.16
2/11/2009,1773.62
2/12/2009,1781.45
2/13/2009,1771.48
2/16/2009,1771.36
2/17/2009,1773.54
2/18/2009,1786.51
2/19/2009,1787.6
2/20/2009,1797.93
2/23/2009,1788.84
2/24/2009,1806.37
2/25/2009,1797.57
2/26/2009,1787.61
2/27/2009,1789.72
3/2/2009,1792.38
3/3/2009,1799.68
3/4/2009,1793.96
3/5/2009,1780.49
3/6/2009,1793.22
3/9/2009,1801.61
3/10/2009,1806.62
3/11/2009,1794.23
3/12/2009,1796.03
3/13/2009,1786.4
3/16/2009,1772.12
3/17/2009,1775.72
3/18/2009,1765.87
3/19/2009,1726.14
3/20/2009,1728.72
3/23/2009,1729.56
3/24/2009,1725.45
3/25/2009,1731.35
3/26/2009,1730.35
3/27/2009,1738.45
3/30/2009,1763.93
3/31/2009,1754.97
4/1/2009,1732.56
4/2/2009,1696.56
4/3/2009,1688.45
4/6/2009,1685.57
4/7/2009,1699.01
4/8/2009,1706.54
4/9/2009,1702.31
4/14/2009,1673.49
4/15/2009,1677.7
4/16/2009,1685.74
4/17/2009,1664.98
4/20/2009,1672.74
4/21/2009,1672.2
4/22/2009,1667.88
4/23/2009,1659.48
4/24/2009,1649.88
4/27/2009,1647.21
4/28/2009,1659.12
4/29/2009,1640.3
4/30/2009,1633.48
5/1/2009,1633.43
5/5/2009,1591.25
5/6/2009,1584.23
5/7/2009,1586.89
5/8/2009,1577.03
5/11/2009,1577.66
5/12/2009,1583.41
5/13/2009,1594.42
5/14/2009,1595.65
5/15/2009,1592.86
5/18/2009,1596.55
5/19/2009,1586.95
5/20/2009,1578.39
5/21/2009,1576.69
5/22/2009,1578.6
5/26/2009,1588.3
5/27/2009,1579.63
5/28/2009,1584.48
5/29/2009,1580.52
6/1/2009,1581.27
6/2/2009,1579.93
6/3/2009,1590.97
6/4/2009,1595.51
6/5/2009,1598.72
6/8/2009,1597.87
6/9/2009,1595.17
6/10/2009,1590.34
6/11/2009,1578.39
6/12/2009,1579.32
6/15/2009,1583.08
6/16/2009,1583.02
6/17/2009,1588.5
6/18/2009,1595.17
6/19/2009,1590.8
6/22/2009,1596.22
6/23/2009,1598.81
6/24/2009,1588.84
6/25/2009,1596.67
6/26/2009,1590.56
6/29/2009,1596.25
6/30/2009,1594.45
7/1/2009,1591.55
7/2/2009,1588.16
7/3/2009,1588.12
7/6/2009,1607.49
7/7/2009,1603.12
7/8/2009,1621.53
7/9/2009,1610.92
7/10/2009,1614.13
7/13/2009,1628.53
7/14/2009,1615.08
7/15/2009,1607.93
7/16/2009,1606.26
7/17/2009,1602.33
7/20/2009,1589.44
7/21/2009,1577.93
7/22/2009,1574.7
7/23/2009,1571.25
7/24/2009,1565.41
7/27/2009,1564
7/28/2009,1566.77
7/29/2009,1571.03
7/30/2009,1558.19
7/31/2009,1548.39
8/3/2009,1532.68
8/4/2009,1527.27
8/5/2009,1527.96
8/6/2009,1529.47
8/7/2009,1540.03
8/10/2009,1534.16
8/11/2009,1537.21
8/12/2009,1540.58
8/13/2009,1529.22
8/14/2009,1521.39
8/17/2009,1533.19
8/18/2009,1527.59
8/19/2009,1529.59
8/20/2009,1523.17
8/21/2009,1529.22
8/24/2009,1519.81
8/25/2009,1522.27
8/26/2009,1523.49
8/27/2009,1533.88
8/28/2009,1523.3
9/1/2009,1522.63
9/2/2009,1522.87
9/3/2009,1521.55
9/4/2009,1526.85
9/7/2009,1526.74
9/8/2009,1513.46
9/9/2009,1505.44
9/10/2009,1495.47
9/11/2009,1489.5
9/14/2009,1503.06
9/15/2009,1497.34
9/16/2009,1493.71
9/17/2009,1492.96
9/18/2009,1503.83
9/21/2009,1512.36
9/22/2009,1498.55
9/23/2009,1501.52
9/24/2009,1501.9
9/25/2009,1505.98
9/28/2009,1519.29
9/29/2009,1521.87
9/30/2009,1515.68
10/1/2009,1516.09
10/2/2009,1525.84
10/5/2009,1532.35
10/6/2009,1520.45
10/7/2009,1514.89
10/8/2009,1498.74
10/9/2009,1501.83
10/12/2009,1497.76
10/13/2009,1495.05
10/14/2009,1494.09
10/15/2009,1495.19
10/16/2009,1497.62
10/19/2009,1496.51
10/20/2009,1489.92
10/21/2009,1487.29
10/22/2009,1499.3
10/23/2009,1496.58
10/26/2009,1499.67
10/27/2009,1514.33
10/28/2009,1530.25
10/29/2009,1527.3
10/30/2009,1521.89
11/2/2009,1534.63
11/3/2009,1539.91
11/4/2009,1530.33
11/5/2009,1543.92
11/6/2009,1540.54
11/9/2009,1533.34
11/10/2009,1538.35
11/11/2009,1536.91
11/12/2009,1542.31
11/13/2009,1544.4
11/16/2009,1540.89
11/17/2009,1547.77
11/18/2009,1549.82
11/19/2009,1555.92
11/20/2009,1557.83
11/23/2009,1555.09
11/24/2009,1560.58
11/25/2009,1554.45
11/26/2009,1554.41
11/27/2009,1564.54
11/30/2009,1555.4
12/1/2009,1543.88
12/2/2009,1544.25
12/3/2009,1533.76
12/4/2009,1539.82
12/7/2009,1534.32
12/8/2009,1537.81
12/9/2009,1546.73
12/10/2009,1555.26
12/11/2009,1552.74
12/14/2009,1543.51
12/15/2009,1545.29
12/16/2009,1539.31
12/17/2009,1545.58
12/18/2009,1551.34
12/21/2009,1548.29
12/22/2009,1546.53
12/23/2009,1543.56
12/29/2009,1535.48
12/30/2009,1542.26
1/4/2010,1522.7
1/5/2010,1511.67
1/6/2010,1510.51
1/7/2010,1517.63
1/8/2010,1510.8
1/11/2010,1503.61
1/12/2010,1504.64
1/13/2010,1508.94
1/14/2010,1498.81
1/15/2010,1493.03
1/18/2010,1492.92
1/19/2010,1508.05
1/20/2010,1506.12
1/21/2010,1499.36
1/22/2010,1497.56
1/25/2010,1505.4
1/26/2010,1516.98
1/27/2010,1527.14
1/28/2010,1520.68
1/29/2010,1528.58
2/1/2010,1534.8
2/2/2010,1528.68
2/3/2010,1530.84
2/4/2010,1527.17
2/5/2010,1532.37
2/8/2010,1536.92
2/9/2010,1542.46
2/10/2010,1548.42
2/11/2010,1550.5
2/12/2010,1550.78
2/15/2010,1550.67
2/16/2010,1557.96
2/17/2010,1554.17
2/18/2010,1559.63
2/19/2010,1570.07
2/22/2010,1557.12
2/23/2010,1558
2/24/2010,1567.11
2/25/2010,1565.88
2/26/2010,1563.83
3/1/2010,1576.03
3/2/2010,1569.3
3/3/2010,1564.09
3/4/2010,1573.91
3/5/2010,1573.13
3/8/2010,1560.74
3/9/2010,1555.92
3/10/2010,1560.81
3/11/2010,1556.8
3/12/2010,1558.69
3/15/2010,1555.63
3/16/2010,1559.23
3/17/2010,1553.91
3/18/2010,1560.32
3/19/2010,1559.84
3/22/2010,1561
3/23/2010,1566.85
3/24/2010,1562.66
3/25/2010,1564.17
3/26/2010,1556.3
3/29/2010,1549.84
3/30/2010,1544.89
3/31/2010,1543.18
4/1/2010,1542.21
4/6/2010,1537.5
4/7/2010,1534.66
4/8/2010,1536.64
4/9/2010,1539.25
4/12/2010,1536.67
4/13/2010,1541.27
4/14/2010,1544.72
4/15/2010,1543.43
4/16/2010,1544
4/19/2010,1552.1
4/20/2010,1555.26
4/21/2010,1548.87
4/22/2010,1555.36
4/23/2010,1565.34
4/26/2010,1557.7
4/27/2010,1548.68
4/28/2010,1556.52
4/29/2010,1559.59
4/30/2010,1545.43
5/4/2010,1550.18
5/5/2010,1549.77
5/6/2010,1547.37
5/7/2010,1541.76
5/10/2010,1564.81
5/11/2010,1570.95
5/12/2010,1577.14
5/13/2010,1559.51
5/14/2010,1557.76
5/17/2010,1572.74
5/18/2010,1574.32
5/19/2010,1572.22
5/20/2010,1565.35
5/21/2010,1578.34
5/24/2010,1575.06
5/25/2010,1582.09
5/26/2010,1577.14
5/27/2010,1578.28
5/28/2010,1571.45
6/1/2010,1574.77
6/2/2010,1595.1
6/3/2010,1586.59
6/4/2010,1573.47
6/7/2010,1583.81
6/8/2010,1587.7
6/9/2010,1600.39
6/10/2010,1602.78
6/11/2010,1596.44
6/14/2010,1590.88
6/15/2010,1593.47
6/16/2010,1584.99
6/17/2010,1582.15
6/18/2010,1580.6
6/21/2010,1567.28
6/22/2010,1564.93
6/23/2010,1570.59
6/24/2010,1562.34
6/25/2010,1569.16
6/28/2010,1574.62
6/29/2010,1572.92
6/30/2010,1576.8
7/1/2010,1582.6
7/2/2010,1580.14
7/5/2010,1580.03
7/6/2010,1575.16
7/7/2010,1585.39
7/8/2010,1581.41
7/9/2010,1582.74
7/12/2010,1585.48
7/13/2010,1592.49
7/14/2010,1589.07
7/15/2010,1593.13
7/16/2010,1588.16
7/19/2010,1593.66
7/20/2010,1594.04
7/21/2010,1594.29
7/22/2010,1599.37
7/23/2010,1595.95
7/26/2010,1592.2
7/27/2010,1593.34
7/28/2010,1583.04
7/29/2010,1578.6
7/30/2010,1585.86
8/2/2010,1589.62
8/3/2010,1582.89
8/4/2010,1588.56
8/5/2010,1580.12
8/6/2010,1574.06
8/9/2010,1578.05
8/10/2010,1579.75
8/11/2010,1576.91
8/12/2010,1575.05
8/13/2010,1568.17
8/16/2010,1565.45
8/17/2010,1570.47
8/18/2010,1569.94
8/19/2010,1566.25
8/20/2010,1573.27
8/23/2010,1572.51
8/24/2010,1566.02
8/25/2010,1571.29
8/26/2010,1572.56
8/27/2010,1573.38
8/31/2010,1565.37
9/1/2010,1571.2
9/2/2010,1566.92
9/3/2010,1570.73
9/6/2010,1570.62
9/7/2010,1558.44
9/8/2010,1569.76
9/9/2010,1565.84
9/10/2010,1564.42
9/13/2010,1565.88
9/14/2010,1569.38
9/15/2010,1574.77
9/16/2010,1578.17
9/17/2010,1581.8
9/20/2010,1586.79
9/21/2010,1585.87
9/22/2010,1582.46
9/23/2010,1581
9/24/2010,1590.48
9/27/2010,1584.14
9/28/2010,1585.86
9/29/2010,1587.07
9/30/2010,1590.35
10/1/2010,1588.35
10/4/2010,1587.58
10/5/2010,1585.88
10/6/2010,1579.9
10/7/2010,1580.64
10/8/2010,1577.07
10/11/2010,1576.96
10/12/2010,1581.57
10/13/2010,1580.25
10/14/2010,1579.03
10/15/2010,1582.54
10/18/2010,1579.58
10/19/2010,1579.42
10/20/2010,1582.33
10/21/2010,1590.41
10/22/2010,1587.72
10/25/2010,1588.73
10/26/2010,1592.05
10/27/2010,1595.16
10/28/2010,1595.93
10/29/2010,1594.92
11/1/2010,1600.1
11/2/2010,1597.5
11/3/2010,1596.16
11/4/2010,1597.39
11/5/2010,1597.19
11/8/2010,1594.5
11/9/2010,1597.98
11/10/2010,1601.24
11/11/2010,1601.2
11/12/2010,1595.13
11/15/2010,1598.3
11/16/2010,1597.48
11/17/2010,1600.96
11/18/2010,1597.07
11/19/2010,1597.24
11/22/2010,1599.1
11/23/2010,1596.77
11/24/2010,1604.76
11/25/2010,1604.72
11/26/2010,1607.37
11/29/2010,1600.18
11/30/2010,1604.26
12/1/2010,1610.66
12/2/2010,1613.24
12/3/2010,1606.85
12/6/2010,1604.47
12/7/2010,1604.2
12/8/2010,1606.4
12/9/2010,1597.35
12/10/2010,1597.35
12/13/2010,1595.97
12/14/2010,1594.42
12/15/2010,1593.54
12/16/2010,1593.08
12/17/2010,1590.36
12/20/2010,1590.81
12/21/2010,1584.64
12/22/2010,1581.59
12/23/2010,1583.29
12/29/2010,1577.59
12/30/2010,1578.87
1/4/2011,1567.25
1/5/2011,1563.02
1/6/2011,1557.18
1/7/2011,1556.67
1/10/2011,1556.06
1/11/2011,1559.44
1/12/2011,1560.43
1/13/2011,1557.56
1/14/2011,1557.56
1/17/2011,1557.45
1/18/2011,1559.99
1/19/2011,1555.24
1/20/2011,1557.68
1/21/2011,1555.24
1/24/2011,1555.15
1/25/2011,1554.7
1/26/2011,1553.58
1/27/2011,1555.04
1/28/2011,1553.61
1/31/2011,1553.54
2/1/2011,1549.8
2/2/2011,1541.65
2/3/2011,1546.38
2/4/2011,1551.17
2/7/2011,1545.55
2/8/2011,1544.55
2/9/2011,1546.04
2/10/2011,1547.15
2/11/2011,1546.18
2/14/2011,1547.5
2/15/2011,1546.36
2/16/2011,1546.25
2/17/2011,1542.88
2/18/2011,1545.97
2/21/2011,1545.86
2/22/2011,1551.61
2/23/2011,1546.58
2/24/2011,1549.19
2/25/2011,1544.78
2/28/2011,1549.9
3/1/2011,1550.74
3/2/2011,1552.72
3/3/2011,1556.27
3/4/2011,1557.5
3/7/2011,1558.09
3/8/2011,1562.36
3/9/2011,1558.77
3/10/2011,1563.64
3/11/2011,1561.42
3/14/2011,1564.38
3/15/2011,1572.6
3/16/2011,1566.6
3/17/2011,1567.09
3/18/2011,1573.36
3/21/2011,1574.31
3/22/2011,1571.29
3/23/2011,1572.3
3/24/2011,1571.33
3/25/2011,1570.59
3/28/2011,1574.53
3/29/2011,1574.8
3/30/2011,1569.19
3/31/2011,1570.53
4/1/2011,1572.17
4/4/2011,1574.28
4/5/2011,1581.71
4/6/2011,1585.06
4/7/2011,1587.64
4/8/2011,1586.32
4/11/2011,1588.46
4/12/2011,1588.59
4/13/2011,1590.16
4/14/2011,1590.58
4/15/2011,1591.55
4/18/2011,1592.77
4/19/2011,1593.87
4/20/2011,1597.03
4/21/2011,1597.09
4/26/2011,1601.9
4/27/2011,1602.67
4/28/2011,1604.45
5/3/2011,1600.27
5/4/2011,1600.81
5/5/2011,1604.49
5/6/2011,1605.22
5/9/2011,1606.7
5/10/2011,1604.89
5/11/2011,1605.94
5/12/2011,1607.84
5/13/2011,1608.86
5/16/2011,1611.73
5/17/2011,1613.64
5/18/2011,1611.17
5/19/2011,1611.79
5/20/2011,1609.66
5/23/2011,1614.25
5/24/2011,1617.12
5/25/2011,1612.61
5/26/2011,1614.53
5/27/2011,1614.53
5/31/2011,1611.56
6/1/2011,1615.12
6/2/2011,1616.21
6/3/2011,1612.63
6/6/2011,1614.52
6/7/2011,1614.12
6/8/2011,1615.4
6/9/2011,1617.06
6/10/2011,1616.68
6/13/2011,1618.55
6/14/2011,1618.08
6/15/2011,1621.33
6/16/2011,1623.9
6/17/2011,1621.75
6/20/2011,1624.19
6/21/2011,1622.32
6/22/2011,1619.87
6/23/2011,1624.88
6/24/2011,1627.32
6/27/2011,1627.38
6/28/2011,1625.27
6/29/2011,1624.54
6/30/2011,1624.45
7/1/2011,1628.83
7/4/2011,1628.72
7/5/2011,1629.26
7/6/2011,1632.55
7/7/2011,1634.7
7/8/2011,1634.85
7/11/2011,1639.27
7/12/2011,1641.67
7/13/2011,1638.61
7/14/2011,1642.2
7/15/2011,1639.27
7/18/2011,1642.29
7/19/2011,1640.99
7/20/2011,1638.14
7/21/2011,1640.9
7/22/2011,1637.06
7/25/2011,1642.77
7/26/2011,1638.29
7/27/2011,1641.43
7/28/2011,1645.14
7/29/2011,1646.47
8/1/2011,1649.28
8/2/2011,1652.16
8/3/2011,1654.15
8/4/2011,1661.2
8/5/2011,1665.26
8/8/2011,1665.68
8/9/2011,1666.01
8/10/2011,1670.59
8/11/2011,1663.68
8/12/2011,1665.93
8/15/2011,1664.62
8/16/2011,1668.48
8/17/2011,1667.97
8/18/2011,1672.32
8/19/2011,1677.85
8/22/2011,1684.41
8/23/2011,1687.67
8/24/2011,1692.03
8/25/2011,1689.43
8/26/2011,1689.07
8/30/2011,1689.33
8/31/2011,1682.63
9/1/2011,1686.79
9/2/2011,1691.09
9/5/2011,1690.97
9/6/2011,1694.85
9/7/2011,1695.6
9/8/2011,1694.19
9/9/2011,1695.19
9/12/2011,1701.6
9/13/2011,1702.68
9/14/2011,1696.35
9/15/2011,1704.35
9/16/2011,1708
9/19/2011,1714.22
9/20/2011,1721.24
9/21/2011,1719.68
9/22/2011,1731.6
9/23/2011,1737.28
9/26/2011,1741.5
9/27/2011,1737.3
9/28/2011,1743.18
9/29/2011,1741.91
9/30/2011,1746.05
10/3/2011,1755.94
10/4/2011,1763.93
10/5/2011,1762.32
10/6/2011,1758.05
10/7/2011,1767.46
10/10/2011,1767.33
10/11/2011,1764.12
10/12/2011,1757.81
10/13/2011,1758.1
10/14/2011,1757.27
10/17/2011,1760.63
10/18/2011,1768.28
10/19/2011,1768.42
10/20/2011,1770.76
10/21/2011,1773.13
10/24/2011,1766.53
10/25/2011,1766.37
10/26/2011,1764.87
10/27/2011,1761.36
10/28/2011,1761.03
10/31/2011,1773.6
11/1/2011,1779.44
11/2/2011,1776.63
11/3/2011,1774.59
11/4/2011,1774.94
11/7/2011,1779.3
11/8/2011,1786.4
11/9/2011,1786.66
11/10/2011,1799.98
11/11/2011,1799.94
11/14/2011,1795.35
11/15/2011,1802.84
11/16/2011,1798.86
11/17/2011,1800.72
11/18/2011,1801.41
11/21/2011,1808.2
11/22/2011,1812
11/23/2011,1816.6
11/24/2011,1816.57
11/25/2011,1813.03
11/28/2011,1814.51
11/29/2011,1814.07
11/30/2011,1814.23
12/1/2011,1808.52
12/2/2011,1805.43
12/5/2011,1796.78
12/6/2011,1803.88
12/7/2011,1802.39
12/8/2011,1814.82
12/9/2011,1814.91
12/12/2011,1815.5
12/13/2011,1825.62
12/14/2011,1830.51
12/15/2011,1829.99
12/16/2011,1825.81
12/19/2011,1839.49
12/20/2011,1836.33
12/21/2011,1832.55
12/22/2011,1825.85
12/28/2011,1841.6
12/29/2011,1840.8
1/3/2012,1825
1/4/2012,1828.01
1/5/2012,1839.3
1/6/2012,1843.93
1/9/2012,1841.27
1/10/2012,1840.14
1/11/2012,1832.46
1/12/2012,1832.12
1/13/2012,1835.93
1/16/2012,1835.8
1/17/2012,1837.63
1/18/2012,1831.71
1/19/2012,1824.45
1/20/2012,1813.18
1/23/2012,1808.85
1/24/2012,1818.49
1/25/2012,1806.19
1/26/2012,1802.76
1/27/2012,1799.24
1/30/2012,1809.66
1/31/2012,1808.51
2/1/2012,1809.62
2/2/2012,1800.03
2/3/2012,1800.32
2/6/2012,1799.08
2/7/2012,1802.61
2/8/2012,1795.1
2/9/2012,1791.26
2/10/2012,1796.9
2/13/2012,1800.38
2/14/2012,1804.64
2/15/2012,1790.05
2/16/2012,1792.05
2/17/2012,1790.22
2/20/2012,1790.1
2/21/2012,1790.99
2/22/2012,1793.57
2/23/2012,1793.72
2/24/2012,1790.51
2/27/2012,1791.41
2/28/2012,1793.62
2/29/2012,1799.78
3/1/2012,1803.26
3/2/2012,1800.68
3/5/2012,1809.49
3/6/2012,1809.83
3/7/2012,1813.88
3/8/2012,1810.73
3/9/2012,1805.76
3/12/2012,1813.34
3/13/2012,1815.43
3/14/2012,1815.33
3/15/2012,1806.1
3/16/2012,1799.65
3/19/2012,1803.73
3/20/2012,1810.01
3/21/2012,1811.68
3/22/2012,1815.43
3/23/2012,1818.65
3/26/2012,1829.25
3/27/2012,1822.51
3/28/2012,1818.71
3/29/2012,1817.89
3/30/2012,1820.58
4/2/2012,1828.81
4/3/2012,1834.46
4/4/2012,1847.03
4/5/2012,1848.08
4/10/2012,1848.15
4/11/2012,1856.56
4/12/2012,1855.8
4/13/2012,1862.81
4/16/2012,1867.38
4/17/2012,1871.99
4/18/2012,1879.34
4/19/2012,1887.47
4/20/2012,1895.56
4/23/2012,1895.3
4/24/2012,1889.84
4/25/2012,1893.25
4/26/2012,1891.97
4/27/2012,1891.82
4/30/2012,1891.92
5/1/2012,1891.88
5/2/2012,1912.01
5/3/2012,1918.28
5/4/2012,1917.52
5/8/2012,1914.38
5/9/2012,1913.55
5/10/2012,1915.69
5/11/2012,1928.03
5/14/2012,1925.52
5/15/2012,1939.9
5/16/2012,1950.76
5/17/2012,1927.33
5/18/2012,1937.72
5/21/2012,1936.15
5/22/2012,1938.53
5/23/2012,1950.15
5/24/2012,1959.32
5/25/2012,1959.82
5/28/2012,1959.69
5/29/2012,1957.28
5/30/2012,1962.27
5/31/2012,1966.6
6/1/2012,1963.44
6/6/2012,1969.05
6/7/2012,1972.63
6/8/2012,1988.65
6/11/2012,1978.95
6/12/2012,1988.24
6/13/2012,1988.25
6/14/2012,1990.95
6/15/2012,1982.72
6/18/2012,1981.41
6/19/2012,1980.52
6/20/2012,1975.28
6/21/2012,1981.02
6/22/2012,1978.26
6/25/2012,1979.22
6/26/2012,1989.33
6/27/2012,1982.77
6/28/2012,1976.26
6/29/2012,1974.2
7/2/2012,1972.44
7/3/2012,1965.71
7/4/2012,1965.67
7/5/2012,1971.74
7/6/2012,1980.43
7/9/2012,1988.46
7/10/2012,1994.13
7/11/2012,1998.08
7/12/2012,2006.68
7/13/2012,2017.62
7/16/2012,2020.61
7/17/2012,2033.7
7/18/2012,2045.24
7/19/2012,2038.57
7/20/2012,2040.55
7/23/2012,2048.05
7/24/2012,2050.65
7/25/2012,2068.54
7/26/2012,2071.3
7/27/2012,2068.99
7/30/2012,2068.05
7/31/2012,2059.59
8/1/2012,2061.2
8/2/2012,2068.82
8/3/2012,2081.22
8/6/2012,2063.15
8/7/2012,2058.16
8/8/2012,2054.77
8/9/2012,2047.14
8/10/2012,2040.34
8/13/2012,2046.72
8/14/2012,2056.36
8/15/2012,2063.98
8/16/2012,2058.71
8/17/2012,2052.03
8/20/2012,2048.52
8/21/2012,2046.63
8/22/2012,2044.85
8/23/2012,2044.82
8/24/2012,2053.15
8/28/2012,2058.3
8/29/2012,2058.08
8/30/2012,2068.69
8/31/2012,2074.7
9/3/2012,2074.56
9/4/2012,2080.79
9/5/2012,2086.75
9/6/2012,2087.18
9/7/2012,2058.95
9/10/2012,2061.8
9/11/2012,2056.96
9/12/2012,2048.12
9/13/2012,2042.82
9/14/2012,2025.6
9/17/2012,2035.59
9/18/2012,2036.59
9/19/2012,2027
9/20/2012,2045.19
9/21/2012,2043.54
9/24/2012,2054.07
9/25/2012,2060.09
9/26/2012,2068.76
9/27/2012,2068.36
9/28/2012,2073.14
10/1/2012,2074.46
10/2/2012,2072.17
10/3/2012,2082.91
10/4/2012,2073.98
10/5/2012,2075.35
10/8/2012,2075.2
10/9/2012,2076.15
10/10/2012,2081.06
10/11/2012,2072
10/12/2012,2068.49
10/15/2012,2070.22
10/16/2012,2066.58
10/17/2012,2054.41
10/18/2012,2042.48
10/19/2012,2040.49
10/22/2012,2042.43
10/23/2012,2052.16
10/24/2012,2065.59
10/25/2012,2068.68
10/26/2012,2077.99
10/29/2012,2080.39
10/30/2012,2077.47
10/31/2012,2075.69
11/1/2012,2080.3
11/2/2012,2083.44
11/5/2012,2091.28
11/6/2012,2096.92
11/7/2012,2090.27
11/8/2012,2092.44
11/9/2012,2090.24
11/12/2012,2090.1
11/13/2012,2105.52
11/14/2012,2098.56
11/15/2012,2089.01
11/16/2012,2080.15
11/19/2012,2072.64
11/20/2012,2083.22
11/21/2012,2077.7
11/22/2012,2077.66
11/23/2012,2063.24
11/26/2012,2052.52
11/27/2012,2062.71
11/28/2012,2079.33
11/29/2012,2071.52
11/30/2012,2063.98
12/3/2012,2067.89
12/4/2012,2062.85
12/5/2012,2057.67
12/6/2012,2047.47
12/7/2012,2042.51
12/10/2012,2043.07
12/11/2012,2047.83
12/12/2012,2038.09
12/13/2012,2023.74
12/14/2012,2015
12/17/2012,2003.36
12/18/2012,2010.93
12/19/2012,1991.4
12/20/2012,1990.65
12/21/2012,1983.27
12/27/2012,1967.41
12/28/2012,1964.54
1/2/2013,1999.36
1/3/2013,1995.16
1/4/2013,1984.16
1/7/2013,1983.71
1/8/2013,1992.17
1/9/2013,1999.03
1/10/2013,1993.22
1/11/2013,1990.86
1/14/2013,1987.95
1/15/2013,1981.18
1/16/2013,2000.65
1/17/2013,2012.6
1/18/2013,1993.46
1/21/2013,1993.32
1/22/2013,1997.95
1/23/2013,2014.95
1/24/2013,2024.98
1/25/2013,2024.37
1/28/2013,2021.46
1/29/2013,2021.89
1/30/2013,2015.29
1/31/2013,2010.85
2/1/2013,2025.16
2/4/2013,2014.92
2/5/2013,2043.65
2/6/2013,2015.23
2/7/2013,2019.2
2/8/2013,2025.63
2/11/2013,2027.71
2/12/2013,2018.28
2/13/2013,2034.96
2/14/2013,2029.43
2/15/2013,2042.62
2/18/2013,2042.48
2/19/2013,2038.04
2/20/2013,2017.48
2/21/2013,2018.67
2/22/2013,2027.63
2/25/2013,1994.46
2/26/2013,2007.3
2/27/2013,2017.62
2/28/2013,2005.78
3/1/2013,2015.91
3/4/2013,2032.69
3/5/2013,2040.02
3/6/2013,2028.36
3/7/2013,2034
3/8/2013,2035.94
3/11/2013,2025.98
3/12/2013,2028.74
3/13/2013,2036.09
3/14/2013,2035.15
3/15/2013,2010.1
3/18/2013,2026.3
3/19/2013,2024.96
3/20/2013,2036.13
3/21/2013,2016.76
3/22/2013,2030.36
3/25/2013,2018.19
3/26/2013,2028.08
3/27/2013,2017.09
3/28/2013,2037.43
4/2/2013,2061.16
4/3/2013,2045.07
4/4/2013,2067.97
4/5/2013,2056.77
4/8/2013,2052.03
4/9/2013,2042.29
4/10/2013,2034.4
4/11/2013,2023.23
4/12/2013,2006.38
4/15/2013,1997.11
4/16/2013,2011.39
4/17/2013,2001.62
4/18/2013,2019.61
4/19/2013,2019.68
4/22/2013,2006.13
4/23/2013,2009.32
4/24/2013,1996.14
4/25/2013,1989.87
4/26/2013,1994.58
4/29/2013,1998.22
4/30/2013,1993.07
5/1/2013,1997.7
5/2/2013,2009.03
5/3/2013,2022.81
5/7/2013,2010.28
5/8/2013,1998.35
5/9/2013,2000.71
5/10/2013,2000.26
5/13/2013,1996.31
5/14/2013,1999
5/15/2013,1994.16
5/16/2013,1988.36
5/17/2013,1999.25
5/20/2013,1975.7
5/21/2013,1975.95
5/22/2013,1973.47
5/23/2013,2003.17
5/24/2013,1993.69
5/28/2013,2019.96
5/29/2013,1992.73
5/30/2013,2014.03
5/31/2013,2010.72
6/3/2013,2021.08
6/4/2013,2014.65
6/5/2013,2025.5
6/6/2013,2040.87
6/7/2013,2049.28
6/10/2013,2033.2
6/11/2013,2031.17
6/12/2013,2024.31
6/13/2013,2051.62
6/14/2013,2043.71
6/17/2013,2033.43
6/18/2013,2038.51
6/19/2013,2019.26
6/20/2013,2030.82
6/21/2013,2018.78
6/24/2013,2011.38
6/25/2013,2025.4
6/26/2013,2031.57
6/27/2013,2026.3
6/28/2013,2016.94
7/1/2013,2016.49
7/2/2013,2006.58
7/3/2013,2001.84
7/4/2013,2010.1
7/5/2013,2001.35
7/8/2013,2018.32
7/9/2013,2006.02
7/10/2013,2004.01
7/11/2013,2000.17
7/12/2013,1992.6
7/15/2013,1998.36
7/16/2013,1987.68
7/17/2013,1989.9
7/18/2013,1990.27
7/19/2013,1999.12
7/22/2013,1992.75
7/23/2013,1985.85
7/24/2013,1988.2
7/25/2013,1995.27
7/26/2013,2002.54
7/29/2013,2023.7
7/30/2013,2011.45
7/31/2013,2025.72
8/1/2013,2015.08
8/2/2013,2000.01
8/5/2013,2002.92
8/6/2013,1993.86
8/7/2013,2003.86
8/8/2013,2011.85
8/9/2013,2010.6
8/12/2013,2009.27
8/13/2013,2010.93
8/14/2013,2003.11
8/15/2013,2000.29
8/16/2013,2004.92
8/19/2013,2006.51
8/20/2013,2014.58
8/21/2013,2013.03
8/22/2013,2018.32
8/23/2013,2004.84
8/27/2013,1995.61
8/28/2013,2007.61
8/29/2013,2006.46
8/30/2013,2005.94
9/2/2013,2013
9/3/2013,1997.43
9/4/2013,1995.4
9/5/2013,1996.61
9/6/2013,1995.33
9/9/2013,1990.07
9/10/2013,1992.53
9/11/2013,1991.01
9/12/2013,1989.13
9/13/2013,1994.11
9/16/2013,2003.32
9/17/2013,2004.92
9/18/2013,1997.42
9/19/2013,1995.75
9/20/2013,1991.71
9/23/2013,1983.64
9/24/2013,1982.8
9/25/2013,1984.23
9/26/2013,1976.87
9/27/2013,1979.67
9/30/2013,1992.47
10/1/2013,1993.68
10/2/2013,1994.23
10/3/2013,1992.57
10/4/2013,1994
10/7/2013,2001.58
10/8/2013,1999.92
10/9/2013,1986.39
10/10/2013,1995.84
10/11/2013,1984.75
10/14/2013,1989.16
10/15/2013,1985.35
10/16/2013,1993.33
10/17/2013,1984.46
10/18/2013,1991.2
10/21/2013,1994.32
10/22/2013,1997.01
10/23/2013,2007.7
10/24/2013,1999.77
10/25/2013,2015.34
10/28/2013,2010.45
10/29/2013,2017.42
10/30/2013,2011.22
10/31/2013,2018.64
11/1/2013,2027.9
11/4/2013,2029.27
11/5/2013,2030.48
11/6/2013,2030.13
11/7/2013,2034.02
11/8/2013,2043.19
11/11/2013,2041.93
11/12/2013,2032.21
11/13/2013,2030.08
11/14/2013,2032.33
11/15/2013,2020.21
11/18/2013,2025.61
11/19/2013,2026.88
11/20/2013,2024.08
11/21/2013,2020
11/22/2013,2020.87
11/25/2013,2013.65
11/26/2013,2015.49
11/27/2013,2026.72
11/28/2013,2021.47
11/29/2013,2022.64
12/2/2013,2029.98
12/3/2013,2020.9
12/4/2013,2021.67
12/5/2013,2025.24
12/6/2013,2027.81
12/9/2013,2015.81
12/10/2013,2010.85
12/11/2013,2011.91
12/12/2013,2013.65
12/13/2013,2011.91
12/16/2013,2024.16
12/17/2013,2012.63
12/18/2013,2010.63
12/19/2013,2012.32
12/20/2013,2014.04
12/23/2013,2014.29
12/24/2013,2018.15
12/27/2013,2014.06
12/30/2013,2009.78
12/31/2013,2009.5
1/2/2014,2000.91
1/3/2014,2003.54
1/6/2014,2008.64
1/7/2014,2016.22
1/8/2014,2000.49
1/9/2014,2004.41
1/10/2014,2003.44
1/13/2014,1987.51
1/14/2014,2003.71
1/15/2014,1993.52
1/16/2014,1982.51
1/17/2014,1983.9
1/20/2014,1984.18
1/21/2014,1988.24
1/22/2014,1986.46
1/23/2014,1980.44
1/24/2014,1971.29
1/27/2014,1979.32
1/28/2014,1980.48
1/29/2014,1958.64
1/30/2014,1971.93
1/31/2014,1968.96
2/3/2014,1967.72
2/4/2014,1983.86
2/5/2014,1976.81
2/6/2014,1993.35
2/7/2014,1982.81
2/10/2014,1972.17
2/11/2014,1983.55
2/12/2014,1975.33
2/13/2014,1978.18
2/14/2014,1987.76
2/17/2014,1982.62
2/18/2014,1962.3
2/19/2014,1962.32
2/20/2014,1970.43
2/21/2014,1961.22
2/24/2014,1963.92
2/25/2014,1963.07
2/26/2014,1967.46
2/27/2014,1966.95
2/28/2014,1981.66
3/3/2014,1978.82
3/4/2014,1987.01
3/5/2014,1981.84
3/6/2014,1981.46
3/7/2014,1980.34
3/10/2014,1986.78
3/11/2014,1985.73
3/12/2014,1992.37
3/13/2014,1982.6
3/14/2014,1994.07
3/17/2014,2003.69
3/18/2014,1996.58
3/19/2014,1999.47
3/20/2014,2008.48
3/21/2014,2010.05
3/24/2014,2001.97
3/25/2014,2011.87
3/26/2014,2015.19
3/27/2014,1999.2
3/28/2014,2007.97
3/31/2014,2004.94
4/1/2014,2010.91
4/2/2014,2008.94
4/3/2014,2011.1
4/4/2014,2008.86
4/7/2014,2005.92
4/8/2014,2006.6
4/9/2014,2020.82
4/10/2014,2020.78
4/11/2014,2019.63
4/14/2014,2022.02
4/15/2014,2017.22
4/16/2014,2010.39
4/17/2014,2015.06
4/22/2014,2020.69
4/23/2014,2011.73
4/24/2014,2020.37
4/25/2014,2015.51
4/28/2014,2028.08
4/29/2014,2022.76
4/30/2014,2022.15
5/1/2014,2005.36
5/2/2014,2005.89
5/6/2014,2002.44
5/7/2014,2020.01
5/8/2014,2014.32
5/9/2014,2014.53
5/12/2014,2015.76
5/13/2014,2005.45
5/14/2014,1999.14
5/15/2014,1994.17
5/16/2014,2002.18
5/19/2014,2006.1
5/20/2014,2005.88
5/21/2014,2005.48
5/22/2014,1995.44
5/23/2014,1989.88
5/27/2014,1988.19
5/28/2014,1982.21
5/29/2014,1983.23
5/30/2014,1990.55
6/2/2014,1984.43
6/3/2014,1980.17
6/4/2014,1980.06
6/5/2014,1979.89
6/6/2014,1983.77
6/9/2014,1983.08
6/10/2014,1980.33
6/11/2014,1966.96
6/12/2014,1973.93
6/13/2014,1968.48
6/16/2014,1970.61
6/17/2014,1974.13
6/18/2014,1970.46
6/19/2014,1965.22
6/20/2014,1964.67
6/23/2014,1957.13
6/24/2014,1957.45
6/25/2014,1952.68
6/26/2014,1948.17
6/27/2014,1954.35
6/30/2014,1949.35
7/1/2014,1944.77
7/2/2014,1948.32
7/3/2014,1954.89
7/4/2014,1948.07
7/7/2014,1949.99
7/8/2014,1946.55
7/9/2014,1943.15
7/10/2014,1938.03
7/11/2014,1939.9
7/14/2014,1939.42
7/15/2014,1937.02
7/16/2014,1939.87
7/17/2014,1937.54
7/18/2014,1940.25
7/21/2014,1936.92
7/22/2014,1943.5
7/23/2014,1940.7
7/24/2014,1941.58
7/25/2014,1934.37
7/28/2014,1934.92
7/29/2014,1932.78
7/30/2014,1925.59
7/31/2014,1923.39
8/1/2014,1924.83
8/4/2014,1925.13
8/5/2014,1931.44
8/6/2014,1931.71
8/7/2014,1924.81
8/8/2014,1929.79
8/11/2014,1930.46
8/12/2014,1931.14
8/13/2014,1933.24
8/14/2014,1930.55
8/15/2014,1927.38
8/18/2014,1929.53
8/19/2014,1930.86
8/20/2014,1930.47
8/21/2014,1930.14
8/22/2014,1927.35
8/26/2014,1931.2
8/27/2014,1929.12
8/28/2014,1924.68
8/29/2014,1922.51
9/1/2014,1923.19
9/2/2014,1920.65
9/3/2014,1923.35
9/4/2014,1920.23
9/5/2014,1914.75
9/8/2014,1913.31
9/9/2014,1918.58
9/10/2014,1914.98
9/11/2014,1914.91
9/12/2014,1920.14
9/15/2014,1923.21
9/16/2014,1917.97
9/17/2014,1923.47
9/18/2014,1931.87
9/19/2014,1930.35
9/22/2014,1940.62
9/23/2014,1930.7
9/24/2014,1930.96
9/25/2014,1920.41
9/26/2014,1921.83
9/29/2014,1919.96
9/30/2014,1926.23
10/1/2014,1923.37
10/2/2014,1921.35
10/3/2014,1926.26
10/6/2014,1921.48
10/7/2014,1923.3
10/8/2014,1925.17
10/9/2014,1937.67
10/10/2014,1937.93
10/13/2014,1940.06
10/14/2014,1951.16
10/15/2014,1936.1
10/16/2014,1943.02
10/17/2014,1956.8
10/20/2014,1940.16
10/21/2014,1950.53
10/22/2014,1949.85
10/23/2014,1952.64
10/24/2014,1948.21
10/27/2014,1947.39
10/28/2014,1943.84
10/29/2014,1948.64
10/30/2014,1955.07
10/31/2014,1957.42
11/3/2014,1959.2
11/4/2014,1953.04
11/5/2014,1960.35
11/6/2014,1958.15
11/7/2014,1947.93
11/10/2014,1957.59
11/11/2014,1954.74
11/12/2014,1943.08
11/13/2014,1947.31
11/14/2014,1940.39
11/17/2014,1950.87
11/18/2014,1942.98
11/19/2014,1946.59
11/20/2014,1944.98
11/21/2014,1943.39
11/24/2014,1951.94
11/25/2014,1946.99
11/26/2014,1948.3
11/27/2014,1961.41
11/28/2014,1965.6
12/1/2014,1964.54
12/2/2014,1966.53
12/3/2014,1963.92
12/4/2014,1967.19
12/5/2014,1974.65
12/8/2014,1978.78
12/9/2014,1962.22
12/10/2014,1979.74
12/11/2014,1991.27
12/12/2014,1976.7
12/15/2014,1974.62
12/16/2014,1986.94
12/17/2014,1968.86
12/18/2014,1973.09
12/19/2014,1965.43
12/22/2014,1974.63
12/23/2014,1974.41
12/24/2014,1970.48
12/29/2014,1966.96
12/30/2014,1962.42
12/31/2014,1959.61
1/2/2015,1951.33
1/5/2015,1946.17
1/6/2015,1954.32
1/7/2015,1957.3
1/8/2015,1957.64
1/9/2015,1956.26
1/12/2015,1955.27
1/13/2015,1958.38
1/14/2015,1958.42
1/15/2015,1962.93
1/16/2015,1966.49
1/19/2015,1967.16
1/20/2015,1964.87
1/21/2015,1963.69
1/22/2015,1959.86
1/23/2015,1952.84
1/26/2015,1957.62
1/27/2015,1946.21
1/28/2015,1947.92
1/29/2015,1954.36
1/30/2015,1941.45
2/2/2015,1939.27
2/3/2015,1942.23
2/4/2015,1936.46
2/5/2015,1935.07
2/6/2015,1936.79
2/9/2015,1922.72
2/10/2015,1927.03
2/11/2015,1934.5
2/12/2015,1918.55
2/13/2015,1914.97
2/16/2015,1910.46
2/17/2015,1913.89
2/18/2015,1911.08
2/19/2015,1911.48
2/20/2015,1909.49
2/23/2015,1914.11
2/24/2015,1912.73
2/25/2015,1900.55
2/26/2015,1894.32
2/27/2015,1893
3/2/2015,1896.28
3/3/2015,1886.94
3/4/2015,1890.16
3/5/2015,1885.84
3/6/2015,1882.97
3/9/2015,1891.12
3/10/2015,1880.17
3/11/2015,1874.56
3/12/2015,1874.16
3/13/2015,1868.51
3/16/2015,1881.31
3/17/2015,1874.27
3/18/2015,1874.85
3/19/2015,1874.51
3/20/2015,1871.63
3/23/2015,1865.06
3/24/2015,1861.57
3/25/2015,1857.92
3/26/2015,1858.98
3/27/2015,1868.56
3/30/2015,1874.23
3/31/2015,1874.79
4/1/2015,1875.58
4/2/2015,1869.34
4/7/2015,1864.07
4/8/2015,1854.29
4/9/2015,1857.21
4/10/2015,1857.55
4/13/2015,1856.32
4/14/2015,1846.76
4/15/2015,1840.64
4/16/2015,1837.15
4/17/2015,1835.18
4/20/2015,1839.7
4/21/2015,1833.93
4/22/2015,1836.83
4/23/2015,1835.1
4/24/2015,1834.09
4/27/2015,1831.13
4/28/2015,1830.63
4/29/2015,1828.32
4/30/2015,1837.81
5/1/2015,1841.79
5/5/2015,1835.07
5/6/2015,1832.44
5/7/2015,1834.38
5/8/2015,1838.23
5/11/2015,1831.6
5/12/2015,1822.22
5/13/2015,1813.68
5/14/2015,1820.28
5/15/2015,1817.99
5/18/2015,1811.5
5/19/2015,1813.55
5/20/2015,1808.45
5/21/2015,1807.01
5/22/2015,1803.87
5/26/2015,1802.06
5/27/2015,1807.25
5/28/2015,1802.46
5/29/2015,1796.65
6/1/2015,1798.37
6/2/2015,1792.76
6/3/2015,1795.99
6/4/2015,1799.03
6/5/2015,1801.24
6/8/2015,1800.32
6/9/2015,1802.43
6/10/2015,1800.64
6/11/2015,1804.85
6/12/2015,1802.77
6/15/2015,1799.08
6/16/2015,1805.26
6/17/2015,1812.49
6/18/2015,1813.91
6/19/2015,1811.6
6/22/2015,1812.48
6/23/2015,1803.86
6/24/2015,1801.08
6/25/2015,1799.31
6/26/2015,1805.49
6/29/2015,1803.96
6/30/2015,1802.89
7/1/2015,1809.19
7/2/2015,1807.59
7/3/2015,1805.56
7/6/2015,1813.13
7/7/2015,1820.84
7/8/2015,1819.82
7/9/2015,1821.61
7/10/2015,1832.12
7/13/2015,1832.53
7/14/2015,1824.25
7/15/2015,1828.97
7/16/2015,1823.22
7/17/2015,1825.68
7/20/2015,1838.1
7/21/2015,1825.86
7/22/2015,1834.13
7/23/2015,1832.45
7/24/2015,1831.7
7/27/2015,1837.53
7/28/2015,1844.42
7/29/2015,1850.97
7/30/2015,1846.42
7/31/2015,1842.96
8/3/2015,1841.86
8/4/2015,1848.73
8/5/2015,1856.17
8/6/2015,1853.93
8/7/2015,1850.22
8/10/2015,1850.01
8/11/2015,1848.6
8/12/2015,1837.72
8/13/2015,1838.94
8/14/2015,1839.87
8/17/2015,1834.53
8/18/2015,1838.07
8/19/2015,1841.77
8/20/2015,1842.7
8/21/2015,1841.05
8/24/2015,1842.3
8/25/2015,1856.02
8/26/2015,1860.93
8/27/2015,1850.03
8/28/2015,1831.22
9/1/2015,1838.52
9/2/2015,1852.21
9/3/2015,1851.41
9/4/2015,1851.88
9/7/2015,1850.59
9/8/2015,1864.61
9/9/2015,1844.16
9/10/2015,1850.77
9/11/2015,1853.63
9/14/2015,1852.65
9/15/2015,1850.45
9/16/2015,1845.03
9/17/2015,1839.69
9/18/2015,1843.9
9/21/2015,1854.82
9/22/2015,1860.86
9/23/2015,1866.95
9/24/2015,1874.29
9/25/2015,1883.64
9/28/2015,1891.28
9/29/2015,1913.22
9/30/2015,1903.81
10/1/2015,1894
10/2/2015,1883.29
10/5/2015,1884.33
10/6/2015,1875.6
10/7/2015,1857.65
10/8/2015,1869.48
10/9/2015,1854.5
10/12/2015,1864.25
10/13/2015,1871.27
10/14/2015,1866.52
10/15/2015,1856.44
10/16/2015,1865.06
10/19/2015,1874.96
10/20/2015,1879.39
10/21/2015,1886.19
10/22/2015,1900.7
10/23/2015,1896.4
10/26/2015,1900.89
10/27/2015,1906
10/28/2015,1905.52
10/29/2015,1918.18
10/30/2015,1913.94
11/2/2015,1923.51
11/3/2015,1924.68
11/4/2015,1923.12
11/5/2015,1927.04
11/6/2015,1927.21
11/9/2015,1913.67
11/10/2015,1921.81
11/11/2015,1922.83
11/12/2015,1929.13
11/13/2015,1922.23
11/16/2015,1929.28
11/17/2015,1925.42
11/18/2015,1925.13
11/19/2015,1921.83
11/20/2015,1933.35
11/23/2015,1934.16
11/24/2015,1924.5
11/25/2015,1929.87
11/26/2015,1924.15
11/27/2015,1930.89
11/30/2015,1932.37
12/1/2015,1929.13
12/2/2015,1928.02
12/3/2015,1925.24
12/4/2015,1944.87
12/7/2015,1955.11
12/8/2015,1955.71
12/9/2015,1951.94
12/10/2015,1950.07
12/11/2015,1953.57
12/14/2015,1975.97
12/15/2015,1985.64
12/16/2015,1978.62
12/17/2015,1976.75
12/18/2015,1969.79
12/21/2015,1976.83
12/22/2015,1980.6
12/23/2015,1967.98
12/24/2015,1966.47
12/29/2015,1973.71
12/30/2015,1974.07
12/31/2015,1963.04
1/4/2016,1965.24
1/5/2016,1971.23
1/6/2016,1978.6
1/7/2016,1983.54
1/8/2016,1981.65
1/11/2016,1999.05
1/12/2016,2029.49
1/13/2016,2018.47
1/14/2016,2022.13
1/15/2016,2027.02
1/18/2016,2034.68
1/19/2016,2051.23
1/20/2016,2056.54
1/21/2016,2061.22
1/22/2016,2043.46
1/25/2016,2047.03
1/26/2016,2054.02
1/27/2016,2045.41
1/28/2016,2054.32
1/29/2016,2055.69
2/1/2016,2048.62
2/2/2016,2061.71
2/3/2016,2058.12
2/4/2016,2036.69
2/5/2016,2046.22
2/8/2016,2054.74
2/9/2016,2090.07
2/10/2016,2099.35
2/11/2016,2083.52
2/12/2016,2093.82
2/15/2016,2075.83
2/16/2016,2071.84
2/17/2016,2057.68
2/18/2016,2057.61
2/19/2016,2069.34
2/22/2016,2059.7
2/23/2016,2058.15
2/24/2016,2060.36
2/25/2016,2058.43
2/26/2016,2042.86
2/29/2016,2031.83
3/1/2016,2041.88
3/2/2016,2006.38
3/3/2016,1988.67
3/4/2016,1975.3
3/7/2016,1960.58
3/8/2016,1974.45
3/9/2016,1981.43
3/10/2016,1976.87
3/11/2016,1970.24
3/14/2016,1965.33
3/15/2016,1976.24
3/16/2016,1982.59
3/17/2016,1978.54
3/18/2016,1977.78
3/21/2016,1978.62
3/22/2016,1967.44
3/23/2016,1984.8
3/24/2016,1985.1
3/29/2016,1979.07
3/30/2016,1988.7
3/31/2016,1986.23
4/1/2016,2003.88
4/4/2016,2005.49
4/5/2016,2016.28
4/6/2016,2011.15
4/7/2016,1996.77
4/8/2016,1992.72
4/11/2016,1987.52
4/12/2016,1979.33
4/13/2016,1963.76
4/14/2016,1951.98
4/15/2016,1955.71
4/18/2016,1968.09
4/19/2016,1950.05
4/20/2016,1937.32
4/21/2016,1915.66
4/22/2016,1917.07
4/25/2016,1927.92
4/26/2016,1929.27
4/27/2016,1933.5
4/28/2016,1927.2
4/29/2016,1913.57
5/3/2016,1939.47
5/4/2016,1949.65
5/5/2016,1943.78
5/6/2016,1942.95
5/9/2016,1952.86
5/10/2016,1948.13
5/11/2016,1938.75
5/12/2016,1943.82
5/13/2016,1946.87
5/16/2016,1939.52
5/17/2016,1924.38
5/18/2016,1925.98
5/19/2016,1934.72
5/20/2016,1926.64
5/23/2016,1927.98
5/24/2016,1936.4
5/25/2016,1929.02
5/26/2016,1924.34
5/27/2016,1925.42
5/31/2016,1916.91
6/1/2016,1915.87
6/2/2016,1910.74
6/3/2016,1905.22
6/6/2016,1898.65
6/7/2016,1897.85
6/8/2016,1895.02
6/9/2016,1894.07
6/10/2016,1907.29
6/13/2016,1903.91
6/14/2016,1901.4
6/15/2016,1896.8
6/16/2016,1900.74
6/17/2016,1898.15
6/20/2016,1894.45
6/21/2016,1899.39
6/22/2016,1898.48
6/23/2016,1888.66
6/24/2016,1894.56
6/27/2016,1905.53
6/28/2016,1892.62
6/29/2016,1885.8
6/30/2016,1889.87
7/1/2016,1883.51
7/4/2016,1873.66
7/5/2016,1883.17
7/6/2016,1878.35
7/7/2016,1872.19
7/8/2016,1871.45
7/11/2016,1866.54
7/12/2016,1858.99
7/13/2016,1858.24
7/14/2016,1860.15
7/15/2016,1863.14
7/18/2016,1860.32
7/19/2016,1870.04
7/20/2016,1864.15
7/21/2016,1855.2
7/22/2016,1857.95
7/25/2016,1862.18
7/26/2016,1860.46
7/27/2016,1853.08
7/28/2016,1852.45
7/29/2016,1850.75
8/1/2016,1853.35
8/2/2016,1854.73
8/3/2016,1848.06
8/4/2016,1847.11
8/5/2016,1847.14
8/8/2016,1840.33
8/9/2016,1833.24
8/10/2016,1834.84
8/11/2016,1834.92
8/12/2016,1833.38
8/15/2016,1830.52
8/16/2016,1828.14
8/17/2016,1832.57
8/18/2016,1827.35
8/19/2016,1831.15
8/22/2016,1829.71
8/23/2016,1825.88
8/24/2016,1841.32
8/25/2016,1842.68
8/26/2016,1837.62
8/30/2016,1838.81
8/31/2016,1844.21
9/1/2016,1837.72
9/2/2016,1831.29
9/5/2016,1829.92
9/6/2016,1824.54
9/7/2016,1818.74
9/8/2016,1816.51
9/9/2016,1818.57
9/12/2016,1818.99
9/13/2016,1827.93
9/14/2016,1825.41
9/15/2016,1820.45
9/16/2016,1819.98
9/19/2016,1822.53
9/20/2016,1826.08
9/21/2016,1820.2
9/22/2016,1816.43
9/23/2016,1816.92
9/26/2016,1818.67
9/27/2016,1827.81
9/28/2016,1824.18
9/29/2016,1820.66
9/30/2016,1823.5
10/3/2016,1821.92
10/4/2016,1828.54
10/5/2016,1824.11
10/6/2016,1831.33
10/7/2016,1832.8
10/10/2016,1827.55
10/11/2016,1832.14
10/12/2016,1834.52
10/13/2016,1834.8
10/14/2016,1838.55
10/17/2016,1840.46
10/18/2016,1830.13
10/19/2016,1825.63
10/20/2016,1819.4
10/21/2016,1819.77
10/24/2016,1818.89
10/25/2016,1817.93
10/26/2016,1827.78
10/27/2016,1825.26
10/28/2016,1831.34
10/31/2016,1837.22
11/1/2016,1832
11/2/2016,1838.23
11/3/2016,1837.68
11/4/2016,1836.39
11/7/2016,1836.42
11/8/2016,1835.93
11/9/2016,1829.15
11/10/2016,1839.66
11/11/2016,1850.13
11/14/2016,1845.35
11/15/2016,1842.59
11/16/2016,1849.81
11/17/2016,1849.33
11/18/2016,1848.96
11/21/2016,1837.84
11/22/2016,1846.9
11/23/2016,1845.16
11/24/2016,1844.26
11/25/2016,1849.01
11/28/2016,1845.95
11/29/2016,1854.01
11/30/2016,1849.81
12/1/2016,1856.27
12/2/2016,1855.34
12/5/2016,1853.83
12/6/2016,1846.82
12/7/2016,1846.53
12/8/2016,1841.87
12/9/2016,1841.12
12/12/2016,1845.45
12/13/2016,1844.63
12/14/2016,1844.1
12/15/2016,1852.18
12/16/2016,1851.85
12/19/2016,1855.52
12/20/2016,1856.28
12/21/2016,1857.49
12/22/2016,1857.46
12/23/2016,1855.53
12/28/2016,1857.04
12/29/2016,1853.35
12/30/2016,1854.89
1/3/2017,1844.75
1/4/2017,1836.88
1/5/2017,1829.86
1/6/2017,1832.31
1/9/2017,1834.15
1/10/2017,1833.88
1/11/2017,1834.45
1/12/2017,1831.94
1/13/2017,1827.87
1/16/2017,1830.22
1/17/2017,1826.8
1/18/2017,1828.53
1/19/2017,1830.08
1/20/2017,1834.83
1/23/2017,1835.46
1/24/2017,1836.75
1/25/2017,1836.47
1/26/2017,1839.33
1/27/2017,1841.86
1/30/2017,1847.52
1/31/2017,1842.24
2/1/2017,1845.33
2/2/2017,1849.6
2/3/2017,1853.64
2/6/2017,1850.95
2/7/2017,1850.96
2/8/2017,1849.86
2/9/2017,1847.05
2/10/2017,1841.75
2/13/2017,1839.69
2/14/2017,1838.54
2/15/2017,1841.48
2/16/2017,1846.95
2/17/2017,1851.47
2/20/2017,1847.97
2/21/2017,1847.26
2/22/2017,1848.19
2/23/2017,1850.23
2/24/2017,1858.99
2/27/2017,1860.39
2/28/2017,1862.39
3/1/2017,1858.02
3/2/2017,1863.26
3/3/2017,1861.58
3/6/2017,1870.11
3/7/2017,1873.27
3/8/2017,1874.2
3/9/2017,1877.06
3/10/2017,1874.94
3/13/2017,1870.63
3/14/2017,1873.56
3/15/2017,1866.36
3/16/2017,1862.2
3/17/2017,1864.56
3/20/2017,1865.18
3/21/2017,1869.99
3/22/2017,1871.14
3/23/2017,1872.55
3/24/2017,1868.39
3/27/2017,1868.37
3/28/2017,1867.58
3/29/2017,1861.27
3/30/2017,1864.51
3/31/2017,1866.19
4/3/2017,1868.89
4/4/2017,1864.44
4/5/2017,1865.13
4/6/2017,1861.53
4/7/2017,1862.16
4/10/2017,1860.92
4/11/2017,1862.56
4/12/2017,1860.78
4/13/2017,1861.84
4/18/2017,1862.88
4/19/2017,1867.92
4/20/2017,1870.92
4/21/2017,1875.92
4/24/2017,1869.91
4/25/2017,1868.12
4/26/2017,1865.92
4/27/2017,1872.69
4/28/2017,1871.35
5/1/2017,1871.35
5/2/2017,1876.72
5/3/2017,1885.55
5/4/2017,1887.78
5/5/2017,1879.16
5/8/2017,1881.98
5/9/2017,1878.02
5/10/2017,1872.26
5/11/2017,1870.5
5/12/2017,1863.16
5/15/2017,1858.19
5/16/2017,1859.72
5/17/2017,1861.63
5/18/2017,1860.89
5/19/2017,1858.77
5/22/2017,1857.65
5/23/2017,1853.84
5/24/2017,1852.63
5/25/2017,1859.77
5/26/2017,1858.79
5/30/2017,1866.79
5/31/2017,1871.88
6/1/2017,1866.7
6/2/2017,1862.67
6/5/2017,1866.49
6/6/2017,1867.64
6/7/2017,1871.36
6/8/2017,1873.35
6/9/2017,1868.89
6/12/2017,1869.25
6/13/2017,1864.12
6/14/2017,1865.93
6/15/2017,1870.51
6/16/2017,1868.48
6/19/2017,1871.5
6/20/2017,1873.34
6/21/2017,1870.65
6/22/2017,1867.98
6/23/2017,1867.94
6/26/2017,1866.04
6/27/2017,1866.83
6/28/2017,1866.54
6/29/2017,1866.22
6/30/2017,1867.98
7/3/2017,1868.58
7/4/2017,1868.06
7/5/2017,1869.1
7/6/2017,1872.67
7/7/2017,1877.93
7/10/2017,1870.3
7/11/2017,1867.87
7/12/2017,1863.24
7/13/2017,1865.56
7/14/2017,1861.25
7/17/2017,1861.2
7/18/2017,1862.07
7/19/2017,1864.71
7/20/2017,1866.37
7/21/2017,1865.34
7/24/2017,1863.36
7/25/2017,1864.7
7/26/2017,1864.82
7/27/2017,1867.5
7/28/2017,1866.75
7/31/2017,1869.31
8/1/2017,1866.5
8/2/2017,1868.39
8/3/2017,1870.45
8/4/2017,1872.47
8/7/2017,1874.76
8/8/2017,1868.05
8/9/2017,1874.38
8/10/2017,1870.83
8/11/2017,1872.61
8/14/2017,1877.74
8/15/2017,1873.79
8/16/2017,1875.61
8/17/2017,1872.82
8/18/2017,1871.1
8/21/2017,1874.36
8/22/2017,1875.11
8/23/2017,1872.53
8/24/2017,1874.36
8/25/2017,1869.44
8/29/2017,1872.24
8/30/2017,1869.22
8/31/2017,1868.7
9/1/2017,1869.13
9/4/2017,1869.41
9/5/2017,1868.44
9/6/2017,1868.07
9/7/2017,1869.38
9/8/2017,1873.65
9/11/2017,1868.78
9/12/2017,1868.53
9/13/2017,1870.45
9/14/2017,1872.65
9/15/2017,1879.06
9/18/2017,1880.78
9/19/2017,1878.78
9/20/2017,1881.4
9/21/2017,1878.83
9/22/2017,1881.91
9/25/2017,1883.95
9/26/2017,1885.69
9/27/2017,1886.26
9/28/2017,1889.22
9/29/2017,1889.82
10/2/2017,1889.47
10/3/2017,1884.53
10/4/2017,1876.28
10/5/2017,1873.55
10/6/2017,1874.27
10/9/2017,1875.45
10/10/2017,1878.25
10/11/2017,1876.09
10/12/2017,1876.89
10/13/2017,1874.92
10/16/2017,1871.11
10/17/2017,1871.45
10/18/2017,1876.24
10/19/2017,1876.95
10/20/2017,1880.38
10/23/2017,1883.1
10/24/2017,1880.74
10/25/2017,1877.12
10/26/2017,1881.06
10/27/2017,1872.87
10/30/2017,1868.23
10/31/2017,1865.6
11/1/2017,1868.36
11/2/2017,1873.08
11/3/2017,1868.98
11/6/2017,1867.51
11/7/2017,1871.46
11/8/2017,1867.39
11/9/2017,1861.49
11/10/2017,1864.4
11/13/2017,1867.66
11/14/2017,1869.45
11/15/2017,1869.05
11/16/2017,1867.39
11/17/2017,1867.81
11/20/2017,1869.36
11/21/2017,1863.05
11/22/2017,1860.11
11/23/2017,1857.16
11/24/2017,1856.72
11/27/2017,1854.75
11/28/2017,1856.12
11/29/2017,1855.69
11/30/2017,1855.2
12/1/2017,1855.51
12/4/2017,1858.73
12/5/2017,1860.87
12/6/2017,1861.48
12/7/2017,1861.15
12/8/2017,1862.5
12/11/2017,1852.04
12/12/2017,1850.29
12/13/2017,1852.15
12/14/2017,1855.35
12/15/2017,1859.14
12/18/2017,1860.01
12/19/2017,1864.64
12/20/2017,1867.53
12/21/2017,1867.59
12/22/2017,1864.66
12/27/2017,1863.88
12/28/2017,1862.62
12/29/2017,1861.53
1/2/2018,1856.97
1/3/2018,1856.8
1/4/2018,1853.43
1/5/2018,1858.02
1/8/2018,1856.46
1/9/2018,1854.32
1/10/2018,1849.59
1/11/2018,1845.25
1/12/2018,1847.58
1/15/2018,1848.12
1/16/2018,1848.16
1/17/2018,1857.88
1/18/2018,1859.42
1/19/2018,1863.87
1/22/2018,1859.37
1/23/2018,1855.75
1/24/2018,1851.32
1/25/2018,1852.19
1/26/2018,1852.38
1/29/2018,1855.34
1/30/2018,1851.82
1/31/2018,1851.55
2/1/2018,1850.42
2/2/2018,1842.68
2/5/2018,1837.41
2/6/2018,1844.17
2/7/2018,1843.61
2/8/2018,1835.87
2/9/2018,1839.1
2/12/2018,1839.96
2/13/2018,1844.08
2/14/2018,1844.69
2/15/2018,1838.71
2/16/2018,1838.43
2/19/2018,1838.72
2/20/2018,1838.92
2/21/2018,1838.39
2/22/2018,1842.48
2/23/2018,1845.38
2/26/2018,1846.81
2/27/2018,1851.07
2/28/2018,1847.91
3/1/2018,1843.59
3/2/2018,1844.26
3/5/2018,1838.66
3/6/2018,1843.23
3/7/2018,1839.47
3/8/2018,1839.74
3/9/2018,1838.54
3/12/2018,1833.23
3/13/2018,1838.15
3/14/2018,1840.91
3/15/2018,1845.04
3/16/2018,1843.15
3/19/2018,1850.39
3/20/2018,1856.23
3/21/2018,1856.64
3/22/2018,1859.27
3/23/2018,1862.91
3/26/2018,1860.96
3/27/2018,1860.4
3/28/2018,1861.88
3/29/2018,1859.57
4/3/2018,1862.83
4/4/2018,1859.97
4/5/2018,1857.69
4/6/2018,1863.85
4/9/2018,1866.56
4/10/2018,1865.43
4/11/2018,1864.76
4/12/2018,1861.68
4/13/2018,1860.44
4/16/2018,1855.97
4/17/2018,1853.03
4/18/2018,1852.22
4/19/2018,1850.28
4/20/2018,1842.11
4/23/2018,1842.86
4/24/2018,1845.68
4/25/2018,1840.76
4/26/2018,1852.64
4/27/2018,1856.59
4/30/2018,1851.51
5/1/2018,1848.6
5/2/2018,1852.91
5/3/2018,1855.11
5/4/2018,1851.78
5/8/2018,1852.62
5/9/2018,1853.49
5/10/2018,1855.32
5/11/2018,1864.31
5/14/2018,1865.96
5/15/2018,1862.32
5/16/2018,1856.52
5/17/2018,1860.25
5/18/2018,1861.02
5/21/2018,1863.43
5/22/2018,1864.05
5/23/2018,1864.15
5/24/2018,1868.92
5/25/2018,1865.1
5/29/2018,1863.98
5/30/2018,1865.04
5/31/2018,1872
6/1/2018,1877.96
6/4/2018,1882.11
6/5/2018,1881.61
6/6/2018,1882.22
6/7/2018,1874.67
6/8/2018,1871.54
6/11/2018,1873.48
6/12/2018,1865.67
6/13/2018,1861.59
6/14/2018,1859.25
6/15/2018,1859.87
6/18/2018,1857.38
6/19/2018,1849.69
6/20/2018,1847.67
6/21/2018,1852.27
6/22/2018,1842.61
6/25/2018,1845.83
6/26/2018,1844.53
6/27/2018,1851.49
6/28/2018,1850.12
